Date,Ticker,Dividend,CCY,ExDiv,Declared,Source
2024-04-02,ASHM,0.048,GBP,,,manual
2024-04-02,BBOX,0.0205,GBP,,,manual
2024-04-02,BMS,0.04,GBP,,,manual
2024-04-02,FA17,0.02,USD,,,manual
2024-04-02,FAIR,0.02,USD,,,manual
2024-04-02,FNX,0.026,GBP,,,manual
2024-04-02,GLE,0.04,GBP,,,manual
2024-04-02,JEGI,0.0105,GBP,,,manual
2024-04-02,RMII,0.01625,GBP,,,manual
2024-04-02,SHOE,0.149,GBP,,,manual
2024-04-02,TMPL,0.025,GBP,,,manual
2024-04-02,WHR,0.016,GBP,,,manual
2024-04-03,BARC,€0.05,GBP,,,manual
2024-04-03,TFG,0.11,USD,,,manual
2024-04-03,TTE,0.74,EUR,,,manual
2024-04-04,APAX,0.0564,GBP,,,manual
2024-04-04,BUT,0.0605,GBP,,,manual
2024-04-04,LFI,0.006,GBP,,,manual
2024-04-04,PZC,0.015,GBP,,,manual
2024-04-04,S32,0.004,USD,,,manual
2024-04-04,WDS,0.6,USD,,,manual
2024-04-05,BBGI,0.03965,GBP,,,manual
2024-04-05,MVCT,0.01,GBP,,,manual
2024-04-05,PNN,0.1404,GBP,,,manual
2024-04-05,RECI,0.03,GBP,,,manual
2024-04-05,RGL,0.012,GBP,,,manual
2024-04-05,RIII,0.3125,GBP,,,manual
2024-04-05,SLP,0.01,GBP,,,manual
2024-04-05,SMIF,0.005,GBP,,,manual
2024-04-05,TENT,0.01375,GBP,,,manual
2024-04-05,TON,0.005,GBP,,,manual
2024-04-08,ALU,0.0345,GBP,,,manual
2024-04-08,LMP,0.024,GBP,,,manual
2024-04-08,RDW,0.05,GBP,,,manual
2024-04-09,CMPI,0.018,GBP,,,manual
2024-04-09,DNLM,0.51,GBP,,,manual
2024-04-09,HAS,0.0095,GBP,,,manual
2024-04-09,RSW,0.168,GBP,,,manual
2024-04-09,SAFE,0.202,GBP,,,manual
2024-04-10,AGR,€0.01,GBP,,,manual
2024-04-10,BVA,0.39,EUR,,,manual
2024-04-10,PRIM,0.015,GBP,,,manual
2024-04-10,WIL,0.03,GBP,,,manual
2024-04-11,ATY,0.076,GBP,,,manual
2024-04-11,CFX,0.027,GBP,,,manual
2024-04-11,DRV,0.0075,GBP,,,manual
2024-04-11,GSK,0.16,GBP,,,manual
2024-04-11,HSP,0.18,GBP,,,manual
2024-04-11,LWDB,0.09125,GBP,,,manual
2024-04-11,MWE,0.031,USD,,,manual
2024-04-11,RCDO,0.038,GBP,,,manual
2024-04-11,SAIN,0.038,GBP,,,manual
2024-04-11,TRI,0.006,GBP,,,manual
2024-04-12,ARTL,0.01,GBP,,,manual
2024-04-12,AUSC,0.037,GBP,,,manual
2024-04-12,CHG,0.046,GBP,,,manual
2024-04-12,DUKE,0.007,GBP,,,manual
2024-04-12,GDWN,0.575,GBP,,,manual
2024-04-12,GFRD,0.04,GBP,,,manual
2024-04-12,GSF,0.02,GBP,,,manual
2024-04-12,IDOX,0.006,GBP,,,manual
2024-04-12,LAND,0.093,GBP,,,manual
2024-04-12,LPA,0.01,GBP,,,manual
2024-04-12,LRE,0.5,USD,,,manual
2024-04-12,TSTL,0.0524,GBP,,,manual
2024-04-15,CRW,0.13,GBP,,,manual
2024-04-15,WPM,0.155,USD,,,manual
2024-04-16,BRK,0.29,GBP,,,manual
2024-04-16,JGGI,0.0461,GBP,,,manual
2024-04-16,PNL,0.014,GBP,,,manual
2024-04-17,CRH,0.35,USD,,,manual
2024-04-17,DGE,0.405,USD,,,manual
2024-04-17,ITH,0.1321,USD,,,manual
2024-04-18,RCN,0.012,GBP,,,manual
2024-04-18,RIO,2.0377,GBP,,,manual
2024-04-19,ESP,0.009375,GBP,,,manual
2024-04-19,HVT,0.035,GBP,,,manual
2024-04-19,HVTA,0.035,GBP,,,manual
2024-04-19,JEMI,0.01,GBP,,,manual
2024-04-19,PCA,0.0375,GBP,,,manual
2024-04-19,SDV,0.0315,GBP,,,manual
2024-04-19,STS,0.01965,GBP,,,manual
2024-04-19,TFW,0.017,GBP,,,manual
2024-04-23,CRST,0.115,GBP,,,manual
2024-04-23,IAT,0.069,GBP,,,manual
2024-04-23,PEMB,0.02,GBP,,,manual
2024-04-23,PINT,0.02,GBP,,,manual
2024-04-24,CRE,0.18,USD,,,manual
2024-04-25,HSBA,0.31,USD,,,manual
2024-04-25,HSD,0.018,GBP,,,manual
2024-04-25,VTA,€0.14,EUR,,,manual
2024-04-26,APEO,0.042,GBP,,,manual
2024-04-26,BERI,0.01125,GBP,,,manual
2024-04-26,BFSP,0.025,GBP,,,manual
2024-04-26,BRSA,0.02,GBP,,,manual
2024-04-26,BVXP,0.68,GBP,,,manual
2024-04-26,CMCL,0.14,USD,,,manual
2024-04-26,DATA,0.032,GBP,,,manual
2024-04-26,DSM,0.3,GBP,,,manual
2024-04-26,ENT,€0.09,GBP,,,manual
2024-04-26,GWI,0.11,EUR,,,manual
2024-04-26,HHI,0.02625,GBP,,,manual
2024-04-26,JMG,0.006,GBP,,,manual
2024-04-26,KITW,0.0745,GBP,,,manual
2024-04-26,KITW,0.0745,GBP,,,manual
2024-04-26,MNP,0.015,GBP,,,manual
2024-04-26,NAR,0.003,GBP,,,manual
2024-04-26,OCI,0.0225,GBP,,,manual
2024-04-26,RCP,0.195,GBP,,,manual
2024-04-26,RLE,0.00625,GBP,,,manual
2024-04-26,SCF,0.025,GBP,,,manual
2024-04-26,SHG,0.0015,GBP,,,manual
2024-04-26,VIP,0.032,GBP,,,manual
2024-04-29,NSI,0.017,GBP,,,manual
2024-04-29,NWG,0.115,GBP,,,manual
2024-04-29,QTX,0.015,GBP,,,manual
2024-04-30,AA4,0.02,GBP,,,manual
2024-04-30,ABDN,0.073,GBP,,,manual
2024-04-30,BCPT,0.0044,GBP,,,manual
2024-04-30,BPCR,0.0175,USD,,,manual
2024-04-30,CTPE,0.0701,GBP,,,manual
2024-04-30,DNA2,0.045,GBP,2024-04-18,2024-04-11,dividenddata
2024-04-30,DNA3,0.020625,GBP,2024-04-18,2024-04-11,dividenddata
2024-04-30,EAT,0.01475,GBP,,,manual
2024-04-30,KAY,0.0051,GBP,,,manual
2024-04-30,LWI,0.016,GBP,,,manual
2024-04-30,MCT,0.01325,GBP,,,manual
2024-04-30,SHRS,0.032,GBP,,,manual
2024-04-30,USF,0.0154,USD,,,manual
2024-04-30,WYN,0.1175,GBP,,,manual
2024-05-01,DAL,0.08,EUR,,,manual
2024-05-01,NWF,€0.01,GBP,,,manual
2024-05-02,BATS,0.588795,GBP,,,manual
2024-05-02,BNC,€0.10,EUR,2024-04-29,2024-02-19,dividenddata
2024-05-02,CLI,0.0535,GBP,,,manual
2024-05-02,NICL,0.156,GBP,,,manual
2024-05-02,OAP3,0.013,GBP,,,manual
2024-05-02,SDR,0.15,GBP,,,manual
2024-05-03,AAL,0.41,USD,,,manual
2024-05-03,BEZ,0.142,GBP,,,manual
2024-05-03,BPM,0.0268,GBP,,,manual
2024-05-03,CHI,0.0166,GBP,,,manual
2024-05-03,CHIB,0.0166,GBP,,,manual
2024-05-03,ESCT,0.0145,GBP,,,manual
2024-05-03,GLB,0.21,EUR,,,manual
2024-05-03,HIK,€0.47,USD,,,manual
2024-05-03,I3E,0.002565,GBP,,,manual
2024-05-03,MIG3,0.0215,GBP,,,manual
2024-05-03,MIG5,0.011,GBP,,,manual
2024-05-03,MPLF,0.0225,USD,,,manual
2024-05-03,NAIT,0.039,GBP,,,manual
2024-05-03,PSON,0.157,GBP,,,manual
2024-05-03,SGRO,0.191,GBP,,,manual
2024-05-03,SMIF,0.0075,GBP,2024-04-18,2024-04-11,dividenddata
2024-05-03,SNX,0.03,GBP,,,manual
2024-05-03,TFIF,0.0396,GBP,2024-04-18,2024-04-11,dividenddata
2024-05-07,BEG,0.013,GBP,,,manual
2024-05-07,FAN,0.028,GBP,,,manual
2024-05-07,FERG,0.79,USD,,,manual
2024-05-07,MMIT,0.0125,GBP,,,manual
2024-05-07,MNL,0.07,GBP,,,manual
2024-05-07,NEXS,0.02,GBP,,,manual
2024-05-07,PEBB,0.012,GBP,,,manual
2024-05-07,PINE,0.245,GBP,2024-04-23,2024-04-05,dividenddata
2024-05-07,TGA,0.4181689,GBP,2025-04-18,2024-03-18,dividenddata
2024-05-08,MRO,0.035,GBP,,,manual
2024-05-08,PGH,0.0585,GBP,,,manual
2024-05-09,DOM,0.072,GBP,,,manual
2024-05-09,FCIT,0.045,GBP,,,manual
2024-05-09,GFTU,0.26,GBP,,,manual
2024-05-09,MNG,0.132,GBP,,,manual
2024-05-09,MTU,0.0119,GBP,2025-04-18,2024-04-08,dividenddata
2024-05-09,TPK,0.055,GBP,,,manual
2024-05-10,AIBG,€0.27,EUR,,,manual
2024-05-10,ALPH,€0.12,GBP,,,manual
2024-05-10,ANTO,0.243,USD,2025-04-18,2024-02-20,dividenddata
2024-05-10,ATR,0.115,GBP,,,manual
2024-05-10,HMSO,0.0078,GBP,,,manual
2024-05-10,HTG,0.05,USD,,,manual
2024-05-10,IPF,0.072,GBP,,,manual
2024-05-10,IVPG,0.0255,GBP,2025-04-25,2024-04-16,dividenddata
2024-05-10,IVPU,0.0255,GBP,2025-04-25,2024-04-16,dividenddata
2024-05-10,JSG,0.019,GBP,,,manual
2024-05-10,KYGA,€0.81,EUR,,,manual
2024-05-10,MONY,0.089,GBP,,,manual
2024-05-10,SERE,0.01,EUR,,,manual
2024-05-10,SHIP,0.025,USD,2025-04-25,2024-04-16,dividenddata
2024-05-10,SKG,€1.18,EUR,,,manual
2024-05-10,SOI,0.02,GBP,2025-04-25,2024-04-16,dividenddata
2024-05-10,SOM,0.2059,USD,,,manual
2024-05-10,SRP,0.0227,GBP,2025-04-18,2024-02-29,dividenddata
2024-05-10,TW.,0.0479,GBP,,,manual
2024-05-10,VSL,0.0426159039,GBP,2024-04-19,2024-04-09,dividenddata
2024-05-13,GAW,1.05,GBP,,,manual
2024-05-13,LABS,€0.01,GBP,,,manual
2024-05-13,SEED,€0.01,GBP,2025-04-25,2024-04-16,dividenddata
2024-05-13,SMIN,0.1355,GBP,,,manual
2024-05-13,VOF,0.07,USD,,,manual
2024-05-14,BRWM,0.17,GBP,,,manual
2024-05-14,FEV,0.0499,GBP,,,manual
2024-05-14,IHG,1.04,USD,,,manual
2024-05-14,MNDI,0.47,EUR,,,manual
2024-05-14,OSB,0.218,GBP,,,manual
2024-05-14,RAT,0.24,GBP,2025-04-18,2024-03-06,dividenddata
2024-05-14,UPR,0.0119,EUR,2025-04-18,2024-02-27,dividenddata
2024-05-15,CAPD,0.026,USD,2025-04-18,2024-03-14,dividenddata
2024-05-15,DFI,0.05,USD,,,manual
2024-05-15,GR1T,0.015,USD,,,manual
2024-05-15,HKLD,0.16,USD,,,manual
2024-05-15,JAR,1.65,USD,,,manual
2024-05-15,JUST,0.015,GBP,,,manual
2024-05-15,MDO,0.035,USD,,,manual
2024-05-15,RTO,0.0593,GBP,,,manual
2024-05-15,TTG,0.0465,GBP,,,manual
2024-05-16,BRLA,0.0739,USD,,,manual
2024-05-16,HLN,0.042,GBP,,,manual
2024-05-16,MGNS,0.78,GBP,2025-04-25,2024-02-22,dividenddata
2024-05-16,MRC,0.033,GBP,,,manual
2024-05-16,PRU,€0.14,USD,,,manual
2024-05-16,SUPR,0.01515,GBP,,,manual
2024-05-16,WINK,0.03,GBP,2025-04-18,2024-04-10,dividenddata
2024-05-17,ABDP,0.0233,GBP,2025-05-02,2024-04-23,dividenddata
2024-05-17,BDEV,0.044,GBP,,,manual
2024-05-17,BREE,0.095,GBP,,,manual
2024-05-17,CRN,0.032,EUR,2025-04-25,2024-02-29,dividenddata
2024-05-17,DLG,0.04,GBP,,,manual
2024-05-17,DRX,0.139,GBP,2025-04-18,2024-02-29,dividenddata
2024-05-17,FGT,0.088,GBP,,,manual
2024-05-17,IHR,0.017375,GBP,2025-05-02,2024-04-25,dividenddata
2024-05-17,IMI,0.192,GBP,,,manual
2024-05-17,JSGI,0.036,GBP,,,manual
2024-05-17,JUSC,0.03,GBP,2025-04-18,2024-03-18,dividenddata
2024-05-17,KMR,0.3854,USD,,,manual
2024-05-17,LUCE,0.032,GBP,,,manual
2024-05-17,MGAM,0.067,GBP,2025-04-25,2024-03-12,dividenddata
2024-05-17,PHP,0.01725,GBP,,,manual
2024-05-17,STAN,0.21,USD,,,manual
2024-05-17,SVCT,0.015,GBP,2025-05-02,2024-03-07,dividenddata
2024-05-20,AIEA,0.0055,GBP,2025-04-18,2024-03-26,dividenddata
2024-05-20,BIPS,0.02875,GBP,2025-04-18,2024-03-26,dividenddata
2024-05-20,HVO,0.002,GBP,2025-04-18,2024-04-09,dividenddata
2024-05-20,JUP,0.034,GBP,2025-04-18,2024-02-22,dividenddata
2024-05-20,MYI,0.043,GBP,2025-04-25,2024-03-01,dividenddata
2024-05-21,BPT,0.044,GBP,2025-04-18,2024-03-14,dividenddata
2024-05-21,HGT,0.045,GBP,,,manual
2024-05-21,LLOY,0.0184,GBP,,,manual
2024-05-21,OMU,0.0204397,GBP,2025-04-18,2024-03-27,dividenddata
2024-05-22,CAML,0.09,GBP,2025-04-25,2024-03-25,dividenddata
2024-05-22,ECEL,0.035,GBP,2025-04-25,2024-03-20,dividenddata
2024-05-22,EMG,0.107,USD,,,manual
2024-05-22,HBR,0.13,USD,,,manual
2024-05-22,LSEG,0.793,GBP,2025-04-18,2024-02-29,dividenddata
2024-05-22,MRCH,0.071,GBP,2025-04-18,2024-04-05,dividenddata
2024-05-22,PHNX,0.2665,GBP,,,manual
2024-05-22,SCT,0.085,GBP,,,manual
2024-05-22,SN.,0.231,USD,,,manual
2024-05-23,AV.,0.223,GBP,,,manual
2024-05-23,CCEP,0.74,EUR,2025-05-09,2024-04-25,dividenddata
2024-05-23,CTEC,0.0446,USD,2025-04-25,2024-03-06,dividenddata
2024-05-23,ITV,0.033,GBP,,,manual
2024-05-23,MEGP,0.0442,GBP,2025-04-25,2024-02-22,dividenddata
2024-05-23,SEQI,0.0171875,GBP,2025-04-25,2024-04-18,dividenddata
2024-05-23,STB,0.162,GBP,2025-04-25,2024-03-21,dividenddata
2024-05-23,SVS,0.159,GBP,,,manual
2024-05-23,UTL,0.02,GBP,2025-05-09,2024-02-21,dividenddata
2024-05-24,AAIF,0.0255,GBP,2025-04-25,2024-04-16,dividenddata
2024-05-24,AJOT,0.0085,GBP,2025-04-25,2024-03-14,dividenddata
2024-05-24,BMTO,0.095,GBP,2025-05-09,2024-04-22,dividenddata
2024-05-24,CAU,0.012,GBP,2025-05-09,2024-03-13,dividenddata
2024-05-24,CKN,0.72,GBP,2025-05-09,2024-03-04,dividenddata
2024-05-24,EDIN,0.069,GBP,2025-05-02,2024-04-24,dividenddata
2024-05-24,FSFL,0.01895,GBP,2025-04-25,2024-03-01,dividenddata
2024-05-24,GRG,0.86,GBP,2025-04-25,2024-03-05,dividenddata
2024-05-24,GRP,0.01685,EUR,2025-05-02,2024-04-25,dividenddata
2024-05-24,HWDN,0.162,GBP,2025-04-25,2024-03-19,manual
2024-05-24,HWG,0.01022,GBP,2025-04-25,2024-03-19,dividenddata
2024-05-24,JAGI,0.039,GBP,2025-04-18,2024-02-20,manual
2024-05-24,MAV4,0.0175,GBP,2025-04-18,2024-02-20,dividenddata
2024-05-24,MGCI,0.0215,GBP,2025-05-02,2024-04-24,dividenddata
2024-05-24,NAVF,0.016,GBP,2025-04-18,2024-04-03,dividenddata
2024-05-24,PPHC,0.097,USD,2025-04-25,2024-03-13,dividenddata
2024-05-24,RKT,1.159,GBP,2025-04-25,2024-03-01,manual
2024-05-24,RMV,0.057,GBP,2025-04-25,2024-03-01,dividenddata
2024-05-24,ROR,0.0465,GBP,2025-04-18,2024-03-05,dividenddata
2024-05-24,SPX,1.14,GBP,2025-04-25,2024-03-07,dividenddata
2024-05-24,STJ,0.08,GBP,2025-04-25,2024-02-28,dividenddata
2024-05-24,SWEF,0.01375,GBP,2025-05-02,2024-04-25,dividenddata
2024-05-24,TCAP,0.1,GBP,2024-05-09,2024-04-24,manual
2024-05-24,TRCS,0.011,GBP,2025-05-09,2024-04-24,dividenddata
2024-05-24,UTG,0.236,GBP,2025-04-18,2024-02-27,dividenddata
2024-05-28,COST,0.008,GBP,2025-04-18,2024-03-12,dividenddata
2024-05-28,CSN,0.1561,GBP,2025-04-25,2024-04-10,manual
2024-05-28,CYN,0.0126,GBP,2025-04-25,2024-04-10,dividenddata
2024-05-28,FOXT,0.007,GBP,2025-04-18,2024-03-06,manual
2024-05-28,QLT,0.037,GBP,2025-04-18,2024-03-06,dividenddata
2024-05-28,ROOF,0.0137,GBP,2025-05-02,2024-04-23,dividenddata
2024-05-28,TFG,0.11,USD,2025-05-02,2024-04-30,dividenddata
2024-05-28,TIG,0.02,GBP,2025-04-25,2024-03-18,dividenddata
2024-05-29,BAKK,0.0437,GBP,2025-04-25,2024-03-05,dividenddata
2024-05-29,CRDA,0.62,GBP,2025-04-18,2024-02-27,dividenddata
2024-05-29,FRES,0.042,USD,2025-04-18,2024-03-05,dividenddata
2024-05-29,MAB1,0.147,GBP,2025-04-25,2024-03-19,dividenddata
2024-05-29,SEPL,0.06,USD,2025-04-25,2024-02-29,dividenddata
2024-05-29,SRAD,0.0472,GBP,2025-04-25,2024-03-08,dividenddata
2024-05-29,TYMN,0.095,GBP,2025-04-25,2024-03-07,dividenddata
2024-05-30,ALFA,0.02,GBP,2025-05-02,2024-03-14,dividenddata
2024-05-30,BGS,0.008,GBP,2025-04-18,2024-03-25,dividenddata
2024-05-30,COA,0.0199,USD,2025-05-02,2024-03-07,dividenddata
2024-05-30,DFS,0.011,GBP,2025-04-18,2024-03-19,dividenddata
2024-05-30,DWL,0.028,GBP,2025-04-18,2024-03-21,dividenddata
2024-05-30,MACF,0.0265,GBP,2025-05-09,2024-02-29,dividenddata
2024-05-30,OTV2,0.019,GBP,2025-05-09,2024-03-18,dividenddata
2024-05-30,VANQ,0.01,GBP,2025-04-18,2024-03-27,dividenddata
2024-05-31,AADV,0.0222,GBP,2025-05-02,2024-04-19,dividenddata
2024-05-31,AIRE,0.01425,GBP,2025-05-16,2024-05-09,dividenddata
2024-05-31,API,0.01,GBP,2025-05-16,2024-05-02,dividenddata
2024-05-31,ARBB,0.27,GBP,2025-04-18,2024-03-28,dividenddata
2024-05-31,BBH,0.02995,GBP,2025-05-09,2024-03-04,dividenddata
2024-05-31,BCPT,0.0044,GBP,2025-05-09,2024-04-30,dividenddata
2024-05-31,BNKR,0.00672,GBP,2025-04-25,2024-02-22,dividenddata
2024-05-31,BOOT,0.044,GBP,2025-05-02,2024-03-25,dividenddata
2024-05-31,CAL,0.0295,GBP,2025-04-25,2024-04-11,manual
2024-05-31,CREI,0.01975,GBP,2025-05-09,2024-05-01,dividenddata
2024-05-31,CTY,0.0525,GBP,2025-04-25,2024-04-11,dividenddata
2024-05-31,CVCE,0.018125,EUR,2025-05-09,2024-05-01,dividenddata
2024-05-31,CVCG,0.020625,GBP,2025-05-09,2024-05-01,dividenddata
2024-05-31,DIG,0.0415,GBP,2025-05-02,2024-04-04,dividenddata
2024-05-31,DIVI,0.01,GBP,2025-05-02,2024-04-25,manual
2024-05-31,DLN,0.55,GBP,2025-04-25,2024-02-28,dividenddata
2024-05-31,EGL,0.0205,GBP,2025-05-02,2024-04-25,dividenddata
2024-05-31,EJFI,0.02675,GBP,2025-05-16,2024-05-02,dividenddata
2024-05-31,ELM,0.021,USD,2025-05-02,2024-03-07,dividenddata
2024-05-31,GOT,0.05,GBP,2025-05-02,2024-04-10,dividenddata
2024-05-31,HAN,0.008,GBP,2025-04-25,2024-04-09,dividenddata
2024-05-31,HFEL,0.061,GBP,2025-04-25,2024-04-16,dividenddata
2024-05-31,HINT,0.0192,GBP,2025-05-09,2024-04-26,dividenddata
2024-05-31,IBST,0.036,GBP,2025-05-09,2024-03-06,dividenddata
2024-05-31,IWG,0.01,GBP,2025-05-02,2024-03-05,dividenddata
2024-05-31,JAM,0.0525,GBP,2025-04-18,2024-03-27,dividenddata
2024-05-31,JARA,0.0105,GBP,2025-05-09,2024-05-01,dividenddata
2024-05-31,KIE,0.0167,GBP,2025-04-18,2024-03-07,dividenddata
2024-05-31,MIX,0.04,GBP,2025-05-02,2024-04-24,dividenddata
2024-05-31,MVI,0.02265,GBP,2025-05-09,2024-05-01,dividenddata
2024-05-31,NBMI,0.041,GBP,2025-05-02,2024-04-25,dividenddata
2024-05-31,NCYF,0.01,GBP,2025-05-02,2024-04-23,dividenddata
2024-05-31,ORIT,0.015,GBP,2025-05-16,2024-05-07,dividenddata
2024-05-31,PCTN,0.00925,GBP,2025-05-09,2024-05-01,dividenddata
2024-05-31,PMP,0.02,GBP,2025-04-25,2024-03-26,dividenddata
2024-05-31,PRSR,0.01,GBP,2025-05-09,2024-04-23,dividenddata
2024-05-31,RCH,0.0446,GBP,2025-05-09,2024-03-05,dividenddata
2024-05-31,RWA,0.17,GBP,2025-05-02,2024-03-07,dividenddata
2024-05-31,SHC,0.0165,GBP,2025-04-25,2024-02-29,dividenddata
2024-05-31,SIGC,0.005,GBP,2025-05-09,2024-04-30,dividenddata
2024-05-31,SMIF,0.005,GBP,2025-05-16,2024-05-08,dividenddata
2024-05-31,SNR,0.017,GBP,2025-05-02,2024-03-04,dividenddata
2024-05-31,STVG,0.074,GBP,2025-04-18,2024-03-05,dividenddata
2024-05-31,THRL,0.01428,GBP,2025-05-16,2024-05-09,dividenddata
2024-05-31,TMIP,0.02,USD,2025-05-09,2024-04-26,dividenddata
2024-05-31,UKW,0.025,GBP,2025-05-16,2024-04-24,dividenddata
2024-05-31,VSVS,0.162,GBP,2025-04-18,2024-02-29,dividenddata
2024-05-31,WEIR,0.208,GBP,2025-04-18,2024-02-29,dividenddata
2024-06-03,ASCL,1.286,GBP,2025-05-20,2024-05-08,dividenddata
2024-06-03,AT,0.011,GBP,2025-05-02,2024-04-16,dividenddata
2024-06-03,BA,0.185,GBP,2025-04-18,2024-02-21,dividenddata
2024-06-03,FOUR,1.5,USD,2025-05-02,2024-03-13,dividenddata
2024-06-03,JCGI,0.0276,GBP,2025-04-18,2024-04-02,dividenddata
2024-06-03,JCH,0.0825,GBP,2025-04-25,2024-04-17,dividenddata
2024-06-03,SMJ,0.0096,GBP,2025-05-02,2024-04-16,dividenddata
2024-06-03,VCAP,0.0153,GBP,2025-05-16,2024-04-19,dividenddata
2024-06-03,ZTF,0.049,GBP,2025-05-02,2024-03-19,dividenddata
2024-06-04,GABI,0.0158125,GBP,2025-05-02,2024-04-25,dividenddata
2024-06-04,GCP,0.0175,GBP,2025-05-02,2024-04-25,dividenddata
2024-06-04,UTL,0.02,GBP,2024-05-09,2024-02-21,dividenddata
2024-06-05,CARR,0.0235,GBP,2025-05-02,2024-04-18,dividenddata
2024-06-05,ECOR,0.02125,USD,2025-05-09,2024-05-09,dividenddata
2024-06-05,EPWN,0.028,GBP,2025-05-09,2024-04-10,dividenddata
2024-06-05,GEN,0.083,GBP,2025-05-02,2024-03-12,dividenddata
2024-06-05,GLEN,0.065,USD,2025-05-02,2024-02-21,dividenddata
2024-06-05,PRV,0.04,GBP,2025-05-02,2024-02-05,dividenddata
2024-06-05,SBRE,0.081,GBP,2025-04-25,2024-03-19,dividenddata
2024-06-06,BOY,0.16,GBP,2025-04-25,2024-03-15,dividenddata
2024-06-06,LGEN,0.1463,GBP,2025-04-25,2024-03-06,dividenddata
2024-06-06,STCM,0.015,GBP,2024-05-27,2024-05-23,dividenddata
2024-06-06,WIX,0.073,GBP,2025-04-25,2024-03-19,dividenddata
2024-06-07,ADM,0.52,GBP,2025-05-09,2024-03-07,dividenddata
2024-06-07,BAG,0.124,GBP,2025-05-09,2024-03-26,dividenddata
2024-06-07,BBOX,0.01825,GBP,2025-05-23,2024-05-02,dividenddata
2024-06-07,BGLF,0.0225,EUR,2025-05-02,2024-04-22,dividenddata
2024-06-07,CNE,0.43,GBP,2025-05-24,2024-04-17,dividenddata
2024-06-07,CTO,0.04525,GBP,2025-05-16,2024-03-15,dividenddata
2024-06-07,DPLM,0.173,GBP,2025-05-23,2024-05-13,dividenddata
2024-06-07,FBH,1,EUR,2025-05-02,2024-03-08,dividenddata
2024-06-07,HEAD,0.06,GBP,2025-05-09,2024-03-05,dividenddata
2024-06-07,ICGC,0.0993,EUR,2025-05-16,2024-03-07,dividenddata
2024-06-07,IGV,0.03,GBP,2025-05-16,2024-05-09,dividenddata
2024-06-07,LRE,0.15,USD,2025-05-09,2024-03-06,dividenddata
2024-06-07,MAJE,0.02,GBP,2025-05-16,2024-04-30,dividenddata
2024-06-07,SLP,0.01,GBP,2025-05-09,2024-04-30,dividenddata
2024-06-07,STEM,0.116,GBP,2025-05-09,2024-01-30,dividenddata
2024-06-07,TORO,0.0167,EUR,2025-05-09,2024-04-30,dividenddata
2024-06-07,ULVR,0.3674,GBP,2025-05-16,2024-04-25,dividenddata
2024-06-07,WTAN,0.0151,GBP,2025-05-16,2024-05-01,dividenddata
2024-06-10,AMAT,0.1,GBP,2025-05-16,2024-05-09,dividenddata
2024-06-10,GHT,0.0075,GBP,2025-05-09,2024-04-29,dividenddata
2024-06-10,TUNE,0.021,GBP,2025-05-09,2024-04-25,dividenddata
2024-06-11,BIRG,0.6,EUR,2025-05-09,2024-02-26,dividenddata
2024-06-11,IPU,0.0541,GBP,2025-05-09,2024-05-01,dividenddata
2024-06-11,JIM,0.015,GBP,2025-05-16,2024-05-09,dividenddata
2024-06-11,WPM,0.155,USD,2024-05-29,2024-05-10,dividenddata
2024-06-12,COD,2.1,EUR,2025-06-10,2024-02-29,dividenddata
2024-06-12,HSX,0.25,USD,2025-05-02,2024-03-05,dividenddata
2024-06-12,TPFG,0.074,GBP,2025-05-16,2024-04-23,dividenddata
2024-06-13,EMR,0.01,GBP,2025-05-23,2024-03-26,dividenddata
2024-06-13,MUT,0.095,GBP,2025-05-16,2023-11-09,dividenddata
2024-06-13,REL,0.418,GBP,2025-05-02,2024-02-15,dividenddata
2024-06-13,RHIM,1.25,EUR,2025-05-16,2024-02-28,dividenddata
2024-06-14,AERS,0.014475,EUR,2025-05-16,2024-05-03,dividenddata
2024-06-14,AEWU,0.02,GBP,2025-05-23,2024-05-14,dividenddata
2024-06-14,APTD,0.036,GBP,2025-05-23,2024-03-21,dividenddata
2024-06-14,BUR,0.0625,USD,2025-05-23,2024-03-14,dividenddata
2024-06-14,FRP,0.009,GBP,2025-05-16,2024-02-14,dividenddata
2024-06-14,JHD,0.025,GBP,2025-05-16,2024-03-27,dividenddata
2024-06-14,MCON,0.0105,EUR,2025-05-23,2024-03-11,dividenddata
2024-06-14,MIDW,0.11,GBP,2025-05-09,2024-03-19,dividenddata
2024-06-14,OCN,0.85,USD,2025-05-16,2024-03-25,dividenddata
2024-06-14,PHLL,0.101,USD,2025-05-09,2024-03-26,dividenddata
2024-06-14,PSH,0.1456,USD,2025-05-16,2024-01-12,dividenddata
2024-06-14,PTAL,0.015,USD,2025-05-31,2024-05-09,dividenddata
2024-06-14,SEPL,0.03,USD,2025-05-30,2024-04-29,dividenddata
2024-06-14,TOWN,0.06,GBP,2025-05-23,2024-05-08,dividenddata
2024-06-17,CHH,0.25,GBP,2025-05-16,2024-04-10,dividenddata
2024-06-17,INCH,0.243,GBP,2025-05-02,2024-03-05,dividenddata
2024-06-17,PEY,0.355,EUR,2025-05-16,2024-05-08,dividenddata
2024-06-19,BRGE,0.0175,GBP,2025-05-23,2024-05-02,dividenddata
2024-06-19,CEY,0.02,USD,2025-05-30,2024-03-21,dividenddata
2024-06-19,FNTL,0.0235,GBP,2025-05-23,2024-03-19,dividenddata
2024-06-19,HNE,0.035,GBP,2025-05-30,2024-05-20,dividenddata
2024-06-19,MPE,0.325,GBP,2025-04-25,2024-03-19,dividenddata
2024-06-20,ARBB,0.4,GBP,2025-06-06,2024-05-30,dividenddata
2024-06-20,ARR,0.0345,GBP,2025-05-09,2024-03-27,dividenddata
2024-06-20,FSV,0.0324,GBP,2025-05-09,2024-04-26,dividenddata
2024-06-20,GAMA,0.114,GBP,2025-05-30,2024-03-25,dividenddata
2024-06-20,HOT,0.015,GBP,2025-05-16,2024-03-07,dividenddata
2024-06-20,SAIN,0.0345,GBP,2025-05-23,2024-05-15,dividenddata
2024-06-20,YU,0.37,GBP,2025-05-30,2024-03-19,dividenddata
2024-06-21,AAS,0.016,GBP,2025-05-23,2024-05-16,dividenddata
2024-06-21,AMS,0.0166,GBP,2025-05-30,2024-03-13,dividenddata
2024-06-21,ASY,0.14,GBP,2025-05-23,2024-05-08,dividenddata
2024-06-21,AVG,0.018,GBP,2025-05-23,2024-02-28,dividenddata
2024-06-21,BOXE,0.0125,EUR,2025-05-23,2024-05-16,dividenddata
2024-06-21,CER,0.04,GBP,2025-05-30,2024-05-13,dividenddata
2024-06-21,DSM,0.12,GBP,2025-06-06,2024-05-28,dividenddata
2024-06-21,EBOX,0.0125,EUR,2025-05-23,2024-05-16,dividenddata
2024-06-21,EGY,0.0625,USD,2025-05-16,2024-05-07,dividenddata
2024-06-21,FEVR,0.109,GBP,2025-05-16,2024-03-26,dividenddata
2024-06-21,HSBA,0.31,USD,2025-05-09,2024-04-30,dividenddata
2024-06-21,ITRK,0.74,GBP,2025-05-30,2024-03-05,dividenddata
2024-06-21,KEYS,0.125,GBP,2025-06-13,2024-04-18,dividenddata
2024-06-21,LMS,0.00625,GBP,2025-05-30,2024-05-16,dividenddata
2024-06-21,OGN,0.0315,EUR,2025-05-30,2024-03-05,dividenddata
2024-06-21,PAGE,0.1124,GBP,2025-05-16,2024-03-07,dividenddata
2024-06-21,RBN,0.03,GBP,2025-06-06,2024-03-22,dividenddata
2024-06-21,RCOI,0.02,USD,2025-06-06,2024-05-23,dividenddata
2024-06-21,SPI,0.021,GBP,2025-05-23,2024-02-29,dividenddata
2024-06-21,TIFS,0.0453,EUR,2025-05-23,2024-04-04,dividenddata
2024-06-23,SPSY,0.116,USD,2024-06-04,2024-03-27,dividenddata
2024-06-24,ASIT,0.0325,GBP,2025-06-06,2024-05-28,dividenddata
2024-06-24,BSIF,0.022,GBP,2025-05-23,2024-05-14,dividenddata
2024-06-24,CCH,0.93,EUR,2025-05-30,2024-04-19,dividenddata
2024-06-24,GEM,0.0085712,USD,2025-06-06,2024-03-25,dividenddata
2024-06-24,JEL,0.084,GBP,2025-06-06,2024-05-20,dividenddata
2024-06-24,MFX,0.004551,GBP,2025-05-16,2024-04-25,dividenddata
2024-06-24,NIOX,0.01,GBP,2025-05-23,2024-04-04,dividenddata
2024-06-24,SAA,0.016,GBP,2025-05-09,2024-04-10,dividenddata
2024-06-24,SHEL,0.344,USD,2025-05-16,2024-05-02,dividenddata
2024-06-24,WKOF,0.051851,GBP,2025-05-23,2024-05-14,dividenddata
2024-06-25,KGF,0.086,GBP,2025-05-16,2024-03-25,dividenddata
2024-06-26,CRH,0.35,USD,2025-05-23,2024-05-10,dividenddata
2024-06-26,THS,0.015,USD,2025-06-13,2024-05-23,dividenddata
2024-06-27,AEI,0.057,GBP,2025-05-23,2024-05-14,dividenddata
2024-06-27,ALFA,0.013,GBP,2025-05-30,2024-03-14,dividenddata
2024-06-27,BRSC,0.27,GBP,2025-05-23,2024-05-14,dividenddata
2024-06-27,CDFF,0.065,GBP,2025-05-23,2024-04-25,dividenddata
2024-06-27,MIG,0.05,GBP,2025-05-30,2024-05-22,dividenddata
2024-06-27,OSEC,0.054,GBP,2025-05-30,2024-03-08,dividenddata
2024-06-28,AATG,0.018,GBP,2025-06-06,2024-04-19,dividenddata
2024-06-28,AJB,0.0425,GBP,2025-06-06,2024-05-23,dividenddata
2024-06-28,ANX,0.015,GBP,2025-05-30,2024-05-01,dividenddata
2024-06-28,ATST,0.0662,GBP,2025-05-30,2024-04-25,dividenddata
2024-06-28,BCPT,0.0044,GBP,2025-06-06,2024-05-30,dividenddata
2024-06-28,BP,0.0727,USD,2025-05-16,2024-05-07,dividenddata
2024-06-28,BRWM,0.055,GBP,2025-05-30,2024-05-09,dividenddata
2024-06-28,BSC,0.015,GBP,2025-05-30,2024-03-15,dividenddata
2024-06-28,CARD,0.045,GBP,2025-05-30,2024-04-30,dividenddata
2024-06-28,CTUK,0.0285,GBP,2025-06-13,2024-05-29,dividenddata
2024-06-28,DEC,0.29,USD,2025-05-23,2024-03-19,dividenddata
2024-06-28,DORE,0.0145,GBP,2025-05-30,2024-05-22,dividenddata
2024-06-28,DVNO,0.01,GBP,2025-06-13,2024-05-31,dividenddata
2024-06-28,ELCO,0.0055,GBP,2025-06-13,2024-04-23,dividenddata
2024-06-28,ENOG,0.3,USD,2025-06-06,2024-05-23,dividenddata
2024-06-28,EQLS,0.01,GBP,2025-06-06,2024-04-16,dividenddata
2024-06-28,ESP,0.00875,GBP,2025-06-13,2024-05-22,dividenddata
2024-06-28,FA17,0.02,USD,2025-05-30,2024-05-17,dividenddata
2024-06-28,FAIR,0.02,USD,2025-05-30,2024-05-17,dividenddata
2024-06-28,FDM,0.19,GBP,2025-06-06,2024-03-20,dividenddata
2024-06-28,FTV,0.07,GBP,2025-06-13,2024-06-06,dividenddata
2024-06-28,GSEO,0.0142,GBP,2025-06-06,2024-05-23,dividenddata
2024-06-28,HAT,0.105,GBP,2025-05-30,2024-03-12,dividenddata
2024-06-28,HEFT,0.0305,GBP,2025-06-06,2024-05-20,dividenddata
2024-06-28,HFG,0.23,GBP,2025-05-30,2024-04-03,dividenddata
2024-06-28,HICL,0.0207,GBP,2025-05-23,2024-05-15,dividenddata
2024-06-28,IMB,0.2245,GBP,2025-05-23,2024-05-15,dividenddata
2024-06-28,JLEN,0.0189,GBP,2025-06-06,2024-05-29,dividenddata
2024-06-28,JTC,0.0767,GBP,2025-05-30,2024-04-09,dividenddata
2024-06-28,KLR,0.313,GBP,2025-05-30,2024-03-05,dividenddata
2024-06-28,KWS,0.0176,GBP,2025-05-23,2024-03-13,dividenddata
2024-06-28,LORD,0.0133,GBP,2025-05-23,2024-05-15,dividenddata
2024-06-28,LSL,0.074,GBP,2025-05-09,2024-04-25,dividenddata
2024-06-28,LTG,0.0121,GBP,2025-06-06,2024-04-16,dividenddata
2024-06-28,NESF,0.0209,GBP,2025-05-23,2024-05-15,dividenddata
2024-06-28,NEXS,0.01,GBP,2025-05-23,2024-05-16,dividenddata
2024-06-28,OMIP,0.00055,GBP,2025-05-09,2024-04-29,dividenddata
2024-06-28,OTB,0.009,GBP,2025-05-30,2024-05-14,dividenddata
2024-06-28,PMGR,0.02,GBP,2025-05-30,2024-04-25,dividenddata
2024-06-28,RMII,0.01625,GBP,2025-06-06,2024-05-30,dividenddata
2024-06-28,SAAS,0.01725,GBP,2025-06-06,2024-04-09,dividenddata
2024-06-28,SEIT,0.0156,GBP,2025-06-13,2024-06-06,dividenddata
2024-06-28,SGE,0.0695,GBP,2025-05-30,2024-05-16,dividenddata
2024-06-28,SOHO,0.01365,GBP,2025-05-30,2024-05-17,dividenddata
2024-06-28,SPSY,0.116,USD,2025-06-13,2024-03-27,dividenddata
2024-06-28,SREI,0.00853,GBP,2025-06-13,2024-06-06,dividenddata
2024-06-28,SSPG,0.012,GBP,2025-05-30,2024-05-21,dividenddata
2024-06-28,SXS,0.539,GBP,2025-05-16,2024-02-29,dividenddata
2024-06-28,TMPL,0.025,GBP,2025-05-30,2024-05-07,dividenddata
2024-06-28,TRIG,0.018675,GBP,2025-05-16,2024-05-08,dividenddata
2024-06-28,TSCO,0.0825,GBP,2025-05-16,2024-04-10,dividenddata
2024-06-28,UEM,0.0215,GBP,2025-06-06,2024-05-24,dividenddata
2024-06-28,ULTP,0.0245,GBP,2025-05-30,2024-04-09,dividenddata
2024-06-28,VCT,0.1342,GBP,2025-05-30,2024-05-13,dividenddata
2024-07-01,BWY,0.16,GBP,2025-05-23,2024-03-26,dividenddata
2024-07-01,JUGI,0.0646,GBP,2025-05-23,2024-05-10,dividenddata
2024-07-01,MSLH,0.057,GBP,2025-06-06,2024-03-18,dividenddata
2024-07-01,TTE,0.79,EUR,2024-06-19,2024-02-07,dividenddata
2024-07-02,BILN,0.33,GBP,2025-06-06,2024-04-16,dividenddata
2024-07-02,BNZL,0.501,GBP,2025-05-16,2024-02-26,dividenddata
2024-07-02,BRFI,0.035,USD,2025-06-13,2024-05-31,dividenddata
2024-07-02,HSS,0.0038,GBP,2025-05-23,2024-05-01,dividenddata
2024-07-03,BBY,0.08,GBP,2025-05-16,2024-03-13,dividenddata
2024-07-03,JGGI,0.0461,GBP,2025-05-30,2024-05-03,dividenddata
2024-07-04,LWDB,0.08,GBP,2025-05-30,2024-05-22,dividenddata
2024-07-04,SNWS,0.0175,GBP,2025-06-06,2024-05-02,dividenddata
2024-07-05,ABF,0.207,GBP,2025-05-30,2024-04-23,dividenddata
2024-07-05,ASLI,0.0121,GBP,2025-06-06,2024-05-23,dividenddata
2024-07-05,BRSA,0.02,GBP,2025-06-06,2024-05-29,dividenddata
2024-07-05,BVIC,0.095,GBP,2025-05-30,2024-05-15,dividenddata
2024-07-05,CCC,0.474,GBP,2025-06-06,2024-03-20,dividenddata
2024-07-05,CGT,0.78,GBP,2025-06-06,2024-05-24,dividenddata
2024-07-05,CMPI,0.02,GBP,2025-06-13,2024-06-06,dividenddata
2024-07-05,ESNT,0.024,GBP,2025-05-16,2024-03-19,dividenddata
2024-07-05,FORT,0.02,GBP,2025-06-13,2024-03-26,dividenddata
2024-07-05,GRI,0.0254,GBP,2025-05-23,2024-05-16,dividenddata
2024-07-05,HILS,0.28,GBP,2025-05-30,2024-03-12,dividenddata
2024-07-05,IHP,0.032,GBP,2025-06-06,2024-05-22,dividenddata
2024-07-05,JDG,0.68,GBP,2025-06-06,2024-03-21,dividenddata
2024-07-05,JEGI,0.012,GBP,2025-05-30,2024-05-21,dividenddata
2024-07-05,LIKE,0.0025,GBP,2025-05-30,2024-05-20,dividenddata
2024-07-05,MHN,0.009,GBP,2025-06-06,2024-04-22,dividenddata
2024-07-05,MKS,0.02,GBP,2025-05-30,2024-05-22,dividenddata
2024-07-05,MRL,1.55,GBP,2025-06-13,2024-06-03,dividenddata
2024-07-05,SMIF,0.005,GBP,2025-06-20,2024-06-13,dividenddata
2024-07-05,STS,0.01525,GBP,2025-06-06,2024-05-22,dividenddata
2024-07-05,USF,0.0056,USD,2025-06-13,2024-05-22,dividenddata
2024-07-05,W7L,0.06,GBP,2025-06-13,2024-04-24,dividenddata
2024-07-05,WPP,0.244,GBP,2025-06-06,2024-02-22,dividenddata
2024-07-05,WTB,0.629,GBP,2025-05-23,2024-04-30,dividenddata
2024-07-08,GPE,0.079,GBP,2025-05-30,2024-05-23,dividenddata
2024-07-08,RTC,0.045,GBP,2025-06-06,2024-03-25,dividenddata
2024-07-09,RST,0.0335,GBP,2025-06-06,2024-03-14,dividenddata
2024-07-10,ADIG,0.38,GBP,2025-07-03,2024-06-17,dividenddata
2024-07-10,AGR,0.0084,GBP,2025-06-06,2024-05-21,dividenddata
2024-07-10,BOWL,0.0398,GBP,2025-06-13,2024-06-03,dividenddata
2024-07-10,MBH,0.03,GBP,2025-06-06,2024-03-26,dividenddata
2024-07-10,NWOR,0.0055,GBP,2025-06-06,2024-03-21,dividenddata
2024-07-10,RNWH,0.0633,GBP,2025-06-06,2024-05-14,dividenddata
2024-07-11,CNA,0.0267,GBP,2025-05-30,2024-02-15,dividenddata
2024-07-11,GOOD,0.0225,GBP,2025-06-06,2024-05-21,dividenddata
2024-07-11,GSK,0.15,GBP,2025-05-16,2024-05-01,dividenddata
2024-07-11,SMT,0.0264,GBP,2025-06-13,2024-05-23,dividenddata
2024-07-12,3IN,0.0595,GBP,2025-06-13,2024-05-08,dividenddata
2024-07-12,AEP,0.15,USD,2025-06-13,2024-04-30,dividenddata
2024-07-12,CNC,0.01,GBP,2025-06-27,2024-05-01,dividenddata
2024-07-12,CTG,0.005,GBP,2025-06-13,2024-04-29,dividenddata
2024-07-12,DUKE,0.007,GBP,2025-06-27,2024-06-20,dividenddata
2024-07-12,FTF,0.033,GBP,2025-06-27,2024-06-11,dividenddata
2024-07-12,HUW,0.06,GBP,2025-06-06,2024-05-30,dividenddata
2024-07-12,INF,0.122,GBP,2025-06-06,2024-03-08,dividenddata
2024-07-12,JD,0.006,GBP,2025-06-13,2024-05-31,dividenddata
2024-07-12,LSC,0.42,GBP,2025-06-13,2024-05-15,dividenddata
2024-07-12,PAC,0.04,GBP,2025-06-13,2024-04-30,dividenddata
2024-07-12,PSN,0.4,GBP,2025-06-20,2024-03-12,dividenddata
2024-07-12,RGL,0.012,GBP,2025-05-30,2024-05-22,dividenddata
2024-07-12,SBRY,0.092,GBP,2025-06-06,2024-04-25,dividenddata
2024-07-12,SDV,0.0315,GBP,2025-06-27,2024-06-12,dividenddata
2024-07-12,SUS,0.5,GBP,2025-06-20,2024-04-09,dividenddata
2024-07-12,TPT,0.012,GBP,2025-06-06,2024-05-21,dividenddata
2024-07-15,BERI,0.01125,GBP,2025-06-13,2024-06-04,dividenddata
2024-07-15,GSF,0.015,GBP,2025-06-27,2024-06-20,dividenddata
2024-07-16,MER,0.093,GBP,2025-06-27,2024-04-25,dividenddata
2024-07-16,PETS,0.083,GBP,2025-06-06,2024-05-29,dividenddata
2024-07-17,PNS,0.06,GBP,2025-06-27,2024-05-17,dividenddata
2024-07-17,SVT,0.701,GBP,2025-05-30,2024-05-22,dividenddata
2024-07-18,DCC,1.3353,GBP,2025-05-23,2024-05-14,dividenddata
2024-07-18,DSM,0.175,GBP,2025-06-27,2024-06-18,dividenddata
2024-07-18,VSL,0.0189,GBP,2025-06-20,2024-06-13,dividenddata
2024-07-19,ADF,0.009,GBP,2025-07-04,2024-04-30,dividenddata
2024-07-19,AGT,0.012,GBP,2025-06-20,2024-06-05,dividenddata
2024-07-19,ANCR,0.03,GBP,2025-06-20,2024-04-09,dividenddata
2024-07-19,CORD,0.022,GBP,2025-06-27,2024-06-20,dividenddata
2024-07-19,EXPN,0.405,USD,2025-06-20,2024-05-15,dividenddata
2024-07-19,FLO,0.022,GBP,2025-06-20,2024-03-26,dividenddata
2024-07-19,GKP,0.06832,USD,2025-07-04,2024-06-21,dividenddata
2024-07-19,ICGT,0.09,GBP,2025-07-04,2024-05-08,dividenddata
2024-07-19,ING,0.026,GBP,2025-06-13,2024-05-28,dividenddata
2024-07-19,IPX,0.047,GBP,2025-06-13,2024-05-29,dividenddata
2024-07-19,MIG1,0.0115,GBP,2025-06-20,2024-04-26,dividenddata
2024-07-19,NG,0.3912,GBP,2025-06-06,2024-05-23,dividenddata
2024-07-19,PHAR,0.0077,GBP,2025-06-13,2024-03-27,dividenddata
2024-07-19,RNEW,0.007,USD,2025-06-27,2024-06-17,dividenddata
2024-07-19,RS1,0.137,GBP,2025-06-13,2024-05-22,dividenddata
2024-07-19,RWS,0.0245,GBP,2025-06-20,2024-06-12,dividenddata
2024-07-19,SAG,0.08,GBP,2025-06-20,2024-03-21,dividenddata
2024-07-19,SHED,0.0435,GBP,2025-06-27,2024-06-20,dividenddata
2024-07-19,TENT,0.01375,GBP,2025-07-04,2024-06-24,dividenddata
2024-07-19,TST,0.015,GBP,2025-06-20,2024-04-17,dividenddata
2024-07-22,LMP,0.03,GBP,2025-06-13,2024-06-04,dividenddata
2024-07-24,BGCG,0.02,GBP,2025-06-20,2024-04-03,dividenddata
2024-07-24,CGS,0.07,GBP,2025-06-20,2024-06-12,dividenddata
2024-07-24,SQZ,0.14,GBP,2025-06-27,2024-04-24,dividenddata
2024-07-24,WWH,0.021,GBP,2025-06-13,2024-06-04,dividenddata
2024-07-25,BUT,0.059,GBP,2025-06-13,2024-06-05,dividenddata
2024-07-25,CPG,0.207,USD,2025-06-13,2024-05-15,dividenddata
2024-07-25,FRAN,0.012,GBP,2025-06-27,2024-06-20,dividenddata
2024-07-25,FSTA,0.1112,GBP,2025-07-04,2024-06-13,dividenddata
2024-07-25,NAIT,0.027,GBP,2025-07-04,2024-06-21,dividenddata
2024-07-25,SRE,0.0305,EUR,2025-06-27,2024-06-03,dividenddata
2024-07-26,AAF,0.0357,USD,2025-06-20,2024-05-09,dividenddata
2024-07-26,ANP,0.075,GBP,2024-07-11,2024-03-20,dividenddata
2024-07-26,ARTL,0.01,GBP,2025-07-04,2024-06-21,dividenddata
2024-07-26,BEMO,0.06,GBP,2025-06-20,2024-06-07,dividenddata
2024-07-26,BISI,0.04,GBP,2025-07-04,2024-04-26,dividenddata
2024-07-26,BKG,0.33,GBP,2025-06-27,2024-06-19,dividenddata
2024-07-26,BLND,0.1064,GBP,2025-06-20,2024-05-22,dividenddata
2024-07-26,BPM,0.0536,GBP,2025-06-27,2024-06-11,dividenddata
2024-07-26,BSV,0.02,GBP,2025-06-27,2024-06-14,dividenddata
2024-07-26,BYG,0.226,GBP,2025-07-04,2024-05-20,dividenddata
2024-07-26,CCT,0.08,GBP,2024-07-11,2024-05-09,dividenddata
2024-07-26,CMCL,0.14,USD,2024-07-11,2024-07-01,dividenddata
2024-07-26,EDIN,0.069,GBP,2025-06-06,2024-05-28,dividenddata
2024-07-26,GHH,0.049,GBP,2025-06-20,2024-06-04,dividenddata
2024-07-26,HHI,0.02625,GBP,2025-06-13,2024-05-14,dividenddata
2024-07-26,HHV,0.025,GBP,2025-06-27,2024-06-19,dividenddata
2024-07-26,III,0.345,GBP,2025-06-20,2024-05-09,dividenddata
2024-07-26,INSE,0.015,GBP,2025-06-20,2024-03-26,dividenddata
2024-07-26,JEMI,0.01,GBP,2025-06-27,2024-06-19,dividenddata
2024-07-26,LAND,0.121,GBP,2025-06-13,2024-05-17,dividenddata
2024-07-26,MNP,0.009,GBP,2025-07-04,2024-06-20,dividenddata
2024-07-26,PAG,0.132,GBP,2025-07-04,2024-06-05,dividenddata
2024-07-26,PFD,0.01728,GBP,2025-06-27,2024-05-16,dividenddata
2024-07-26,POLR,0.32,GBP,2024-07-04,2024-06-27,dividenddata
2024-07-26,PPET,0.042,GBP,2025-06-20,2024-06-11,dividenddata
2024-07-26,RECI,0.03,GBP,2025-07-04,2024-06-20,dividenddata
2024-07-26,RESI,0.0103,GBP,2025-06-27,2024-06-18,dividenddata
2024-07-26,SKL,0.00279,GBP,2025-07-04,2024-04-25,dividenddata
2024-07-26,TEM,0.03,GBP,2025-06-20,2024-06-04,dividenddata
2024-07-26,TV1,0.011,GBP,2025-07-04,2024-06-27,dividenddata
2024-07-26,UJO,0.0025,GBP,2025-07-04,2024-05-14,dividenddata
2024-07-26,VIP,0.036,GBP,2025-06-27,2024-06-12,dividenddata
2024-07-26,VTU,0.015,GBP,2025-06-27,2024-05-15,dividenddata
2024-07-26,WHR,0.016,GBP,2025-07-04,2024-06-25,dividenddata
2024-07-26,WSP,0.16,GBP,2025-06-20,2024-06-12,dividenddata
2024-07-30,VMUK,0.02,GBP,2025-06-27,2024-06-13,dividenddata
2024-07-30,DNA2,0.045,GBP,2024-07-17,2024-07-10,dividenddata
2024-07-30,DNA2,0.045,GBP,2024-07-17,2024-07-10,dividenddata
2024-07-30,DNA3,0.020625,GBP,2024-07-17,2024-07-10,dividenddata
2024-07-30,DNA3,0.020625,GBP,2024-07-17,2024-07-10,dividenddata
2024-07-30,DNA2,0.045,GBP,2024-07-17,2024-07-10,dividenddata
2024-07-30,DNA3,0.020625,GBP,2024-07-17,2024-07-10,dividenddata
2024-07-31,AA4,0.02,GBP,2024-07-11,2024-07-02,dividenddata
2024-07-31,AAVC,0.0112,GBP,2025-07-04,2024-06-26,dividenddata
2024-07-31,BCPT,0.0044,GBP,2024-07-11,2024-07-03,dividenddata
2024-07-31,BPCR,0.0175,USD,2025-07-04,2024-06-20,dividenddata
2024-07-31,CTPE,0.0701,GBP,2025-07-04,2024-05-29,dividenddata
2024-07-31,EAT,0.01475,GBP,2025-07-04,2024-06-26,dividenddata
2024-07-31,FCSS,0.064,GBP,2025-06-20,2024-06-11,dividenddata
2024-07-31,FERG,0.79,USD,2025-06-14,2024-06-04,dividenddata
2024-07-31,LWI,0.016,GBP,2025-06-27,2024-05-30,dividenddata
2024-07-31,MCT,0.01325,GBP,2024-07-11,2024-07-04,dividenddata
2024-07-31,MPLF,0.0225,USD,2025-07-04,2024-06-27,dividenddata
2024-07-31,PNL,0.03,GBP,2025-06-27,2024-06-19,dividenddata
2024-07-31,RLE,0.005,GBP,2024-07-11,2024-07-01,dividenddata
2024-07-31,RWI,0.05,GBP,2025-06-27,2024-05-30,dividenddata
2024-07-31,SCF,0.025,GBP,2025-07-04,2024-06-27,dividenddata
2024-07-31,SHRS,0.048,GBP,2025-07-04,2024-05-23,dividenddata
2024-07-31,UTL,0.02,GBP,2025-07-04,2024-06-21,dividenddata
2024-08-01,CLDN,0.5147,GBP,2025-06-27,2024-05-21,dividenddata
2024-08-01,FCIT,0.036,GBP,2025-06-27,2024-06-20,dividenddata
2024-08-01,MNL,0.07,GBP,2025-07-04,2024-05-24,dividenddata
2024-08-01,MRC,0.015,GBP,2025-06-20,2024-05-29,dividenddata
2024-08-01,NXT,1.41,GBP,2025-07-04,2024-03-21,dividenddata
2024-08-01,SMWH,0.11,GBP,2024-07-11,2024-04-25,dividenddata
2024-08-01,TRY,0.1005,GBP,2025-06-27,2024-06-10,dividenddata
2024-08-01,UU,0.3319,GBP,2025-06-20,2024-05-16,dividenddata
2024-08-01,BYIT,0.147,GBP,2024-07-17,2024-05-22,dividenddata
2024-08-01,BYIT,0.147,GBP,2024-07-17,2024-05-22,dividenddata
2024-08-01,SMIF,0.005,GBP,2024-07-17,2024-07-10,dividenddata
2024-08-01,SMIF,0.005,GBP,2024-07-17,2024-07-10,dividenddata
2024-08-01,SOI,0.02,GBP,2024-07-17,2024-07-07,dividenddata
2024-08-01,SOI,0.02,GBP,2024-07-17,2024-07-07,dividenddata
2024-08-01,TFIF,0.02,GBP,2024-07-17,2024-07-10,dividenddata
2024-08-01,TFIF,0.02,GBP,2024-07-17,2024-07-10,dividenddata
2024-08-01,VTA,0.145,EUR,2024-07-17,2024-07-07,dividenddata
2024-08-01,VTA,0.145,EUR,2024-07-17,2024-07-07,dividenddata
2024-08-01,BYIT,0.147,GBP,2024-07-17,2024-05-22,dividenddata
2024-08-01,SMIF,0.005,GBP,2024-07-17,2024-07-10,dividenddata
2024-08-01,SOI,0.02,GBP,2024-07-17,2024-07-07,dividenddata
2024-08-01,TFIF,0.02,GBP,2024-07-17,2024-07-10,dividenddata
2024-08-01,VTA,0.145,EUR,2024-07-17,2024-07-07,dividenddata
2024-08-02,BATS,0.588795,GBP,2025-06-27,2024-02-08,dividenddata
2024-08-02,BME,0.096,GBP,2025-06-27,2024-06-05,dividenddata
2024-08-02,BRBY,0.427,GBP,2025-06-27,2024-05-15,dividenddata
2024-08-02,BYIT,0.147,GBP,2024-07-18,2024-05-23,dividenddata
2024-08-02,CCJI,0.016,GBP,2025-07-04,2024-06-19,dividenddata
2024-08-02,CHI,0.0135,GBP,2025-07-04,2024-06-24,dividenddata
2024-08-02,CHIB,0.0135,GBP,2025-07-04,2024-06-24,dividenddata
2024-08-02,DSCV,0.0825,GBP,2025-06-27,2024-06-05,dividenddata
2024-08-02,GBG,0.042,GBP,2025-06-20,2024-06-11,dividenddata
2024-08-02,HLCL,0.0178,GBP,2025-06-27,2024-05-23,dividenddata
2024-08-02,HVT,0.0225,GBP,2024-07-11,2024-06-27,dividenddata
2024-08-02,HVTA,0.0225,GBP,2024-07-11,2024-06-27,dividenddata
2024-08-02,I3E,0.002565,GBP,2024-07-11,2024-07-04,dividenddata
2024-08-02,ICG,0.532,GBP,2025-06-13,2024-05-28,dividenddata
2024-08-02,JEDT,0.08,GBP,2025-06-27,2024-06-20,dividenddata
2024-08-02,KITW,0.0385,GBP,2024-07-11,2024-07-02,dividenddata
2024-08-02,NXR,0.068,GBP,2025-06-27,2024-06-13,dividenddata
2024-08-02,PMI,0.03,GBP,2025-07-04,2024-05-30,dividenddata
2024-08-02,POLR,0.32,GBP,2025-07-04,2024-06-27,dividenddata
2024-08-02,REC,0.0305,GBP,2024-07-11,2024-06-28,dividenddata
2024-08-02,TATE,0.129,GBP,2025-06-20,2024-05-23,dividenddata
2024-08-02,VNET,0.0075,GBP,2025-06-20,2024-06-11,dividenddata
2024-08-02,VOD,0.045,EUR,2025-06-06,2024-05-14,dividenddata
2024-08-02,WKP,0.19,GBP,2025-07-04,2024-06-05,dividenddata
2024-08-02,YNGA,0.1088,GBP,2025-07-04,2024-06-19,dividenddata
2024-08-05,MTO,0.03,GBP,2025-06-20,2024-06-06,dividenddata
2024-08-06,CBOX,0.061,GBP,2024-07-11,2024-06-11,dividenddata
2024-08-06,JMAT,0.55,GBP,2025-06-06,2024-05-23,dividenddata
2024-08-06,PAY,0.096,GBP,2025-07-04,2024-06-13,dividenddata
2024-08-06,TAM,0.08,GBP,2025-06-27,2024-06-18,dividenddata
2024-08-07,VP,0.275,GBP,2025-06-20,2024-06-05,dividenddata
2024-08-07,N91,0.064,GBP,2024-07-17,2024-06-04,dividenddata
2024-08-07,N91,0.064,GBP,2024-07-17,2024-06-04,dividenddata
2024-08-07,NSI,0.24,GBP,2024-07-24,2024-06-20,dividenddata
2024-08-07,NSI,0.24,GBP,2024-07-24,2024-06-20,dividenddata
2024-08-07,N91,0.064,GBP,2024-07-17,2024-06-04,dividenddata
2024-08-07,NSI,0.24,GBP,2024-07-24,2024-06-20,dividenddata
2024-08-08,N91,0.064,GBP,2024-07-18,2024-06-05,dividenddata
2024-08-08,NSI,0.24,GBP,2024-07-25,2024-06-21,dividenddata
2024-08-08,SAFE,0.1,GBP,2025-07-04,2024-06-12,dividenddata
2024-08-08,MTU,0.0124,GBP,2024-07-17,2024-07-09,dividenddata
2024-08-08,MTU,0.0124,GBP,2024-07-17,2024-07-09,dividenddata
2024-08-08,MTU,0.0124,GBP,2024-07-17,2024-07-09,dividenddata
2024-08-09,ATYM,0.04,USD,2024-07-11,2024-07-04,dividenddata
2024-08-09,CFYN,0.05,GBP,2024-07-11,2024-06-07,dividenddata
2024-08-09,CMCX,0.073,GBP,2024-07-11,2024-06-20,dividenddata
2024-08-09,LIO,0.5,GBP,2025-07-04,2024-06-26,dividenddata
2024-08-09,NFG,0.106,GBP,2025-07-04,2024-04-16,dividenddata
2024-08-09,SCP,0.06,GBP,2024-07-11,2024-06-27,dividenddata
2024-08-09,SDG,0.0275,GBP,2024-07-11,2024-04-24,dividenddata
2024-08-12,SERE,0.0148,EUR,2024-07-11,2024-06-19,dividenddata
2024-08-12,DWHT,0.05,GBP,2024-07-17,2024-06-23,dividenddata
2024-08-12,DWHT,0.05,GBP,2024-07-17,2024-06-23,dividenddata
2024-08-12,DWHT,0.05,GBP,2024-07-17,2024-06-23,dividenddata
2024-08-13,BRLA,0.0613,USD,2024-07-11,2024-07-01,dividenddata
2024-08-13,DWHT,0.05,GBP,2024-07-18,2024-06-24,dividenddata
2024-08-13,UAV,0.03,GBP,2024-07-11,2024-05-23,dividenddata
2024-08-13,WINK,0.03,GBP,2024-07-17,2024-07-09,dividenddata
2024-08-13,WINK,0.03,GBP,2024-07-17,2024-07-09,dividenddata
2024-08-13,WINK,0.03,GBP,2024-07-17,2024-07-09,dividenddata
2024-08-14,SHOE,0.025,GBP,2024-07-11,2024-05-21,dividenddata
2024-08-14,IGET,0.0313,GBP,2024-07-17,2024-07-09,dividenddata
2024-08-14,IGET,0.0313,GBP,2024-07-17,2024-07-09,dividenddata
2024-08-14,OOA,0.074,GBP,2024-07-24,2024-06-05,dividenddata
2024-08-14,OOA,0.074,GBP,2024-07-24,2024-06-05,dividenddata
2024-08-14,IGET,0.0313,GBP,2024-07-17,2024-07-09,dividenddata
2024-08-14,OOA,0.074,GBP,2024-07-24,2024-06-05,dividenddata
2024-08-15,MRK,0.0066,GBP,2024-07-11,2024-06-26,dividenddata
2024-08-15,OOA,0.074,GBP,2024-07-25,2024-06-06,dividenddata
2024-08-15,TET,0.026,GBP,2025-07-04,2024-05-14,dividenddata
2024-08-15,CLBS,0.0223,GBP,2024-07-17,2024-07-08,dividenddata
2024-08-15,CLBS,0.0223,GBP,2024-07-17,2024-07-08,dividenddata
2024-08-15,CML,0.06,GBP,2024-07-31,2024-07-01,dividenddata
2024-08-15,CML,0.06,GBP,2024-07-31,2024-07-01,dividenddata
2024-08-15,PGOO,0.015,GBP,2024-07-17,2024-06-10,dividenddata
2024-08-15,PGOO,0.015,GBP,2024-07-17,2024-06-10,dividenddata
2024-08-15,PVN,0.0175,GBP,2024-07-17,2024-06-10,dividenddata
2024-08-15,PVN,0.0175,GBP,2024-07-17,2024-06-10,dividenddata
2024-08-15,VIC,0.0052,GBP,2024-07-17,2024-05-27,dividenddata
2024-08-15,VIC,0.0052,GBP,2024-07-17,2024-05-27,dividenddata
2024-08-15,CLBS,0.0223,GBP,2024-07-17,2024-07-08,dividenddata
2024-08-15,CML,0.06,GBP,2024-07-31,2024-07-01,dividenddata
2024-08-15,PGOO,0.015,GBP,2024-07-17,2024-06-10,dividenddata
2024-08-15,PVN,0.0175,GBP,2024-07-17,2024-06-10,dividenddata
2024-08-15,VIC,0.0052,GBP,2024-07-17,2024-05-27,dividenddata
2024-08-16,CML,0.06,GBP,2024-08-01,2024-07-02,dividenddata
2024-08-16,HLMA,0.132,GBP,2024-07-11,2024-06-13,dividenddata
2024-08-16,JSGI,0.034,GBP,2024-07-11,2024-07-01,dividenddata
2024-08-16,MYI,0.025,GBP,2025-07-04,2024-04-19,dividenddata
2024-08-16,NRR,0.032,GBP,2025-07-04,2024-06-21,dividenddata
2024-08-16,PGOO,0.015,GBP,2024-07-18,2024-06-11,dividenddata
2024-08-16,PHP,0.01725,GBP,2025-07-04,2024-06-27,dividenddata
2024-08-16,PVN,0.0175,GBP,2024-07-18,2024-06-11,dividenddata
2024-08-16,SUPR,0.01515,GBP,2024-07-11,2024-07-04,dividenddata
2024-08-16,VIC,0.0052,GBP,2024-07-18,2024-05-28,dividenddata
2024-08-19,BIPS,0.02875,GBP,2024-07-11,2024-06-18,dividenddata
2024-08-19,MTVW,2.75,GBP,2024-07-11,2024-06-20,dividenddata
2024-08-19,ELIX,0.095,GBP,2024-07-24,2024-05-30,dividenddata
2024-08-19,ELIX,0.095,GBP,2024-07-24,2024-05-30,dividenddata
2024-08-19,ELIX,0.095,GBP,2024-07-24,2024-05-30,dividenddata
2024-08-20,ELIX,0.095,GBP,2024-07-25,2024-05-31,dividenddata
2024-08-20,GSCT,0.0213,GBP,2024-07-11,2024-06-26,dividenddata
2024-08-20,OXIG,0.159,GBP,2024-07-11,2024-06-11,dividenddata
2024-08-20,PRV,0.021,GBP,2024-07-17,2024-06-30,dividenddata
2024-08-20,PRV,0.021,GBP,2024-07-17,2024-06-30,dividenddata
2024-08-20,PRV,0.021,GBP,2024-07-17,2024-06-30,dividenddata
2024-08-21,PRV,0.021,GBP,2024-07-18,2024-07-01,dividenddata
2024-08-21,HERC,0.006,GBP,2024-07-17,2024-06-02,dividenddata
2024-08-21,HERC,0.006,GBP,2024-07-17,2024-06-02,dividenddata
2024-08-21,QQ,0.0565,GBP,2024-07-24,2024-05-22,dividenddata
2024-08-21,QQ,0.0565,GBP,2024-07-24,2024-05-22,dividenddata
2024-08-21,HERC,0.006,GBP,2024-07-17,2024-06-02,dividenddata
2024-08-21,QQ,0.0565,GBP,2024-07-24,2024-05-22,dividenddata
2024-08-22,HERC,0.006,GBP,2024-07-18,2024-06-03,dividenddata
2024-08-22,JAGI,0.042,GBP,2024-07-11,2024-07-01,dividenddata
2024-08-22,MRCH,0.072,GBP,2024-07-11,2024-07-02,dividenddata
2024-08-22,QQ,0.0565,GBP,2024-07-25,2024-05-23,dividenddata
2024-08-22,BMY,0.1099,GBP,2024-07-24,2024-05-22,dividenddata
2024-08-22,BMY,0.1099,GBP,2024-07-24,2024-05-22,dividenddata
2024-08-22,CCR,0.0397,EUR,2024-07-17,2024-06-06,dividenddata
2024-08-22,CCR,0.0397,EUR,2024-07-17,2024-06-06,dividenddata
2024-08-22,CGS,0.1419,GBP,2024-07-17,2024-06-11,dividenddata
2024-08-22,CGS,0.1419,GBP,2024-07-17,2024-06-11,dividenddata
2024-08-22,CRU,0.0025,GBP,2024-07-24,2024-06-10,dividenddata
2024-08-22,CRU,0.0025,GBP,2024-07-24,2024-06-10,dividenddata
2024-08-22,FGP,0.04,GBP,2024-07-17,2024-06-10,dividenddata
2024-08-22,FGP,0.04,GBP,2024-07-17,2024-06-10,dividenddata
2024-08-22,FSFL,0.02,GBP,2024-07-24,2024-06-11,dividenddata
2024-08-22,FSFL,0.02,GBP,2024-07-24,2024-06-11,dividenddata
2024-08-22,IBT,0.145,GBP,2024-07-24,2024-07-02,dividenddata
2024-08-22,IBT,0.145,GBP,2024-07-24,2024-07-02,dividenddata
2024-08-22,LTHM,0.71,GBP,2024-07-31,2024-06-26,dividenddata
2024-08-22,LTHM,0.71,GBP,2024-07-31,2024-06-26,dividenddata
2024-08-22,NTN,0.022,GBP,2024-07-24,2024-06-17,dividenddata
2024-08-22,NTN,0.022,GBP,2024-07-24,2024-06-17,dividenddata
2024-08-22,NTV,0.012,GBP,2024-07-24,2024-06-17,dividenddata
2024-08-22,NTV,0.012,GBP,2024-07-24,2024-06-17,dividenddata
2024-08-22,NVT,0.016,GBP,2024-07-24,2024-06-17,dividenddata
2024-08-22,NVT,0.016,GBP,2024-07-24,2024-06-17,dividenddata
2024-08-22,NXQ,0.033,GBP,2024-07-24,2024-03-13,dividenddata
2024-08-22,NXQ,0.033,GBP,2024-07-24,2024-03-13,dividenddata
2024-08-22,PCA,0.0375,GBP,2024-07-24,2024-06-05,dividenddata
2024-08-22,PCA,0.0375,GBP,2024-07-24,2024-06-05,dividenddata
2024-08-22,SNX,0.02,GBP,2024-07-24,2024-07-08,dividenddata
2024-08-22,SNX,0.02,GBP,2024-07-24,2024-07-08,dividenddata
2024-08-22,TEP,0.47,GBP,2024-07-31,2024-06-17,dividenddata
2024-08-22,TEP,0.47,GBP,2024-07-31,2024-06-17,dividenddata
2024-08-22,BMY,0.1099,GBP,2024-07-24,2024-05-22,dividenddata
2024-08-22,CCR,0.0397,EUR,2024-07-17,2024-06-06,dividenddata
2024-08-22,CGS,0.1419,GBP,2024-07-17,2024-06-11,dividenddata
2024-08-22,CRU,0.0025,GBP,2024-07-24,2024-06-10,dividenddata
2024-08-22,FGP,0.04,GBP,2024-07-17,2024-06-10,dividenddata
2024-08-22,FSFL,0.02,GBP,2024-07-24,2024-06-11,dividenddata
2024-08-22,IBT,0.145,GBP,2024-07-24,2024-07-02,dividenddata
2024-08-22,LTHM,0.71,GBP,2024-07-31,2024-06-26,dividenddata
2024-08-22,NTN,0.022,GBP,2024-07-24,2024-06-17,dividenddata
2024-08-22,NTV,0.012,GBP,2024-07-24,2024-06-17,dividenddata
2024-08-22,NVT,0.016,GBP,2024-07-24,2024-06-17,dividenddata
2024-08-22,NXQ,0.033,GBP,2024-07-24,2024-03-13,dividenddata
2024-08-22,PCA,0.0375,GBP,2024-07-24,2024-06-05,dividenddata
2024-08-22,SNX,0.02,GBP,2024-07-24,2024-07-08,dividenddata
2024-08-22,TEP,0.47,GBP,2024-07-31,2024-06-17,dividenddata
2024-08-23,BMY,0.1099,GBP,2024-07-25,2024-05-23,dividenddata
2024-08-23,CCR,0.0397,EUR,2024-07-18,2024-06-07,dividenddata
2024-08-23,CGS,0.1419,GBP,2024-07-18,2024-06-12,dividenddata
2024-08-23,CRU,0.0025,GBP,2024-07-25,2024-06-11,dividenddata
2024-08-23,FGP,0.04,GBP,2024-07-18,2024-06-11,dividenddata
2024-08-23,FSFL,0.02,GBP,2024-07-25,2024-06-12,dividenddata
2024-08-23,IBT,0.145,GBP,2024-07-25,2024-07-03,dividenddata
2024-08-23,LTHM,0.71,GBP,2024-08-01,2024-06-27,dividenddata
2024-08-23,MSI,0.165,GBP,2024-07-11,2024-06-26,dividenddata
2024-08-23,NTN,0.022,GBP,2024-07-25,2024-06-18,dividenddata
2024-08-23,NTV,0.012,GBP,2024-07-25,2024-06-18,dividenddata
2024-08-23,NVT,0.016,GBP,2024-07-25,2024-06-18,dividenddata
2024-08-23,NXQ,0.033,GBP,2024-07-25,2024-03-13,dividenddata
2024-08-23,PCA,0.0375,GBP,2024-07-25,2024-06-06,dividenddata
2024-08-23,TEP,0.47,GBP,2024-08-01,2024-06-18,dividenddata
2024-08-28,CLC,0.0277,GBP,2024-08-07,2024-07-10,dividenddata
2024-08-28,CLC,0.0277,GBP,2024-08-07,2024-07-10,dividenddata
2024-08-28,CLC,0.0277,GBP,2024-08-07,2024-07-10,dividenddata
2024-08-29,AAEV,0.0314,GBP,2024-07-31,2024-07-10,dividenddata
2024-08-29,AAEV,0.0314,GBP,2024-07-31,2024-07-10,dividenddata
2024-08-29,BNKR,0.00672,GBP,2024-07-24,2024-06-25,dividenddata
2024-08-29,BNKR,0.00672,GBP,2024-07-24,2024-06-25,dividenddata
2024-08-29,CLX,0.0062,GBP,2024-07-24,2024-05-20,dividenddata
2024-08-29,CLX,0.0062,GBP,2024-07-24,2024-05-20,dividenddata
2024-08-29,CTY,0.0525,GBP,2024-07-24,2024-07-10,dividenddata
2024-08-29,CTY,0.0525,GBP,2024-07-24,2024-07-10,dividenddata
2024-08-29,CWK,0.673,GBP,2024-07-17,2024-05-20,dividenddata
2024-08-29,CWK,0.673,GBP,2024-07-17,2024-05-20,dividenddata
2024-08-29,DIG,0.032,GBP,2024-07-31,2024-06-25,dividenddata
2024-08-29,DIG,0.032,GBP,2024-07-31,2024-06-25,dividenddata
2024-08-29,HAN,0.008,GBP,2024-07-24,2024-07-08,dividenddata
2024-08-29,HAN,0.008,GBP,2024-07-24,2024-07-08,dividenddata
2024-08-29,HFEL,0.062,GBP,2024-07-24,2024-07-09,dividenddata
2024-08-29,HFEL,0.062,GBP,2024-07-24,2024-07-09,dividenddata
2024-08-29,HINT,0.0192,GBP,2024-07-24,2024-07-01,dividenddata
2024-08-29,HINT,0.0192,GBP,2024-07-24,2024-07-01,dividenddata
2024-08-29,ICGT,0.085,GBP,2024-08-14,2024-06-24,dividenddata
2024-08-29,ICGT,0.085,GBP,2024-08-14,2024-06-24,dividenddata
2024-08-29,PCFT,0.025,GBP,2024-07-31,2024-06-26,dividenddata
2024-08-29,PCFT,0.025,GBP,2024-07-31,2024-06-26,dividenddata
2024-08-29,PCGH,0.012,GBP,2024-07-31,2024-07-11,dividenddata
2024-08-29,PCGH,0.012,GBP,2024-07-31,2024-07-11,dividenddata
2024-08-29,VLX,0.028,GBP,2024-07-24,2024-06-25,dividenddata
2024-08-29,VLX,0.028,GBP,2024-07-24,2024-06-25,dividenddata
2024-08-29,AAEV,0.0314,GBP,2024-07-31,2024-07-10,dividenddata
2024-08-29,BNKR,0.00672,GBP,2024-07-24,2024-06-25,dividenddata
2024-08-29,CLX,0.0062,GBP,2024-07-24,2024-05-20,dividenddata
2024-08-29,CTY,0.0525,GBP,2024-07-24,2024-07-10,dividenddata
2024-08-29,CWK,0.673,GBP,2024-07-17,2024-05-20,dividenddata
2024-08-29,DIG,0.032,GBP,2024-07-31,2024-06-25,dividenddata
2024-08-29,HAN,0.008,GBP,2024-07-24,2024-07-08,dividenddata
2024-08-29,HFEL,0.062,GBP,2024-07-24,2024-07-09,dividenddata
2024-08-29,HINT,0.0192,GBP,2024-07-24,2024-07-01,dividenddata
2024-08-29,ICGT,0.085,GBP,2024-08-14,2024-06-24,dividenddata
2024-08-29,PCFT,0.025,GBP,2024-07-31,2024-06-26,dividenddata
2024-08-29,PCGH,0.012,GBP,2024-07-31,2024-07-11,dividenddata
2024-08-29,VLX,0.028,GBP,2024-07-24,2024-06-25,dividenddata
2024-08-30,BNKR,0.00672,GBP,2024-07-25,2024-06-26,dividenddata
2024-08-30,CLX,0.0062,GBP,2024-07-25,2024-05-21,dividenddata
2024-08-30,CREI,0.015,GBP,2024-07-11,2024-07-01,dividenddata
2024-08-30,CWK,0.673,GBP,2024-07-18,2024-05-21,dividenddata
2024-08-30,DIG,0.032,GBP,2024-08-01,2024-06-26,dividenddata
2024-08-30,DIVI,0.0105,GBP,2025-06-20,2024-04-30,dividenddata
2024-08-30,HINT,0.0192,GBP,2024-07-25,2024-07-02,dividenddata
2024-08-30,ICGT,0.085,GBP,2024-08-15,2024-06-25,dividenddata
2024-08-30,PCFT,0.025,GBP,2024-08-01,2024-06-27,dividenddata
2024-08-30,VLX,0.028,GBP,2024-07-25,2024-06-26,dividenddata
2024-09-01,JCGI,0.0276,GBP,2024-07-17,2024-06-30,dividenddata
2024-09-01,JCGI,0.0276,GBP,2024-07-17,2024-06-30,dividenddata
2024-09-01,RKW,0.006,GBP,2024-08-07,2024-06-30,dividenddata
2024-09-01,RKW,0.006,GBP,2024-08-07,2024-06-30,dividenddata
2024-09-01,JCGI,0.0276,GBP,2024-07-17,2024-06-30,dividenddata
2024-09-01,RKW,0.006,GBP,2024-08-07,2024-06-30,dividenddata
2024-09-02,JCGI,0.0276,GBP,2024-07-18,2024-07-01,dividenddata
2024-09-02,RKW,0.006,GBP,2024-08-08,2024-07-01,dividenddata
2024-09-02,BRIG,0.027,GBP,2024-07-24,2024-06-19,dividenddata
2024-09-02,BRIG,0.027,GBP,2024-07-24,2024-06-19,dividenddata
2024-09-02,BRIG,0.027,GBP,2024-07-24,2024-06-19,dividenddata
2024-09-03,BRIG,0.027,GBP,2024-07-25,2024-06-20,dividenddata
2024-09-04,PNN,0.3033,GBP,2024-07-24,2024-05-20,dividenddata
2024-09-04,PNN,0.3033,GBP,2024-07-24,2024-05-20,dividenddata
2024-09-04,PNN,0.3033,GBP,2024-07-24,2024-05-20,dividenddata
2024-09-05,PNN,0.3033,GBP,2024-07-25,2024-05-21,dividenddata
2024-09-05,AVON,0.072,USD,2024-08-07,2024-05-20,dividenddata
2024-09-05,AVON,0.072,USD,2024-08-07,2024-05-20,dividenddata
2024-09-05,CHG,0.026,GBP,2024-08-14,2024-06-03,dividenddata
2024-09-05,CHG,0.026,GBP,2024-08-14,2024-06-03,dividenddata
2024-09-05,INVP,0.19,GBP,2024-08-21,2024-05-22,dividenddata
2024-09-05,INVP,0.19,GBP,2024-08-21,2024-05-22,dividenddata
2024-09-05,MIG3,0.01,GBP,2024-08-07,2024-07-07,dividenddata
2024-09-05,MIG3,0.01,GBP,2024-08-07,2024-07-07,dividenddata
2024-09-05,MIG5,0.01,GBP,2024-08-07,2024-07-04,dividenddata
2024-09-05,MIG5,0.01,GBP,2024-08-07,2024-07-04,dividenddata
2024-09-05,AVON,0.072,USD,2024-08-07,2024-05-20,dividenddata
2024-09-05,CHG,0.026,GBP,2024-08-14,2024-06-03,dividenddata
2024-09-05,INVP,0.19,GBP,2024-08-21,2024-05-22,dividenddata
2024-09-05,MIG3,0.01,GBP,2024-08-07,2024-07-07,dividenddata
2024-09-05,MIG5,0.01,GBP,2024-08-07,2024-07-04,dividenddata
2024-09-06,AVON,0.072,USD,2024-08-08,2024-05-21,dividenddata
2024-09-06,CHG,0.026,GBP,2024-08-15,2024-06-04,dividenddata
2024-09-06,INVP,0.19,GBP,2024-08-22,2024-05-23,dividenddata
2024-09-06,MIG5,0.01,GBP,2024-08-08,2024-07-05,dividenddata
2024-09-08,BMD,0.0175,GBP,2024-08-07,2024-06-10,dividenddata
2024-09-08,BMD,0.0175,GBP,2024-08-07,2024-06-10,dividenddata
2024-09-08,BMS,0.09,GBP,2024-07-31,2024-06-04,dividenddata
2024-09-08,BMS,0.09,GBP,2024-07-31,2024-06-04,dividenddata
2024-09-08,BVT,0.0175,GBP,2024-08-07,2024-06-10,dividenddata
2024-09-08,BVT,0.0175,GBP,2024-08-07,2024-06-10,dividenddata
2024-09-08,IOM,0.03,GBP,2024-08-14,2024-06-10,dividenddata
2024-09-08,IOM,0.03,GBP,2024-08-14,2024-06-10,dividenddata
2024-09-08,BMD,0.0175,GBP,2024-08-07,2024-06-10,dividenddata
2024-09-08,BMS,0.09,GBP,2024-07-31,2024-06-04,dividenddata
2024-09-08,BVT,0.0175,GBP,2024-08-07,2024-06-10,dividenddata
2024-09-08,IOM,0.03,GBP,2024-08-14,2024-06-10,dividenddata
2024-09-09,BMD,0.0175,GBP,2024-08-08,2024-06-11,dividenddata
2024-09-09,BMS,0.09,GBP,2024-08-01,2024-06-05,dividenddata
2024-09-09,BVT,0.0175,GBP,2024-08-08,2024-06-11,dividenddata
2024-09-09,IOM,0.03,GBP,2024-08-15,2024-06-11,dividenddata
2024-09-09,AHT,0.8925,USD,2024-08-07,2024-06-17,dividenddata
2024-09-09,AHT,0.8925,USD,2024-08-07,2024-06-17,dividenddata
2024-09-09,AHT,0.8925,USD,2024-08-07,2024-06-17,dividenddata
2024-09-10,AHT,0.8925,USD,2024-08-08,2024-06-18,dividenddata
2024-09-10,BT.A,0.0569,GBP,2024-08-07,2024-05-15,dividenddata
2024-09-10,BT.A,0.0569,GBP,2024-08-07,2024-05-15,dividenddata
2024-09-10,BT.A,0.0569,GBP,2024-08-07,2024-05-15,dividenddata
2024-09-11,BT.A,0.0569,GBP,2024-08-08,2024-05-16,dividenddata
2024-09-11,BUT,0.059,GBP,2024-07-31,2024-07-14,dividenddata
2024-09-12,BGUK,0.056,GBP,2024-08-14,2024-06-13,dividenddata
2024-09-12,BGUK,0.056,GBP,2024-08-14,2024-06-13,dividenddata
2024-09-12,LTI,51.5,GBP,2024-08-07,2024-06-11,dividenddata
2024-09-12,LTI,51.5,GBP,2024-08-07,2024-06-11,dividenddata
2024-09-12,PSH,0.1456,USD,2024-08-14,2024-01-12,dividenddata
2024-09-12,PSH,0.1456,USD,2024-08-14,2024-01-12,dividenddata
2024-09-12,BGUK,0.056,GBP,2024-08-14,2024-06-13,dividenddata
2024-09-12,LTI,51.5,GBP,2024-08-07,2024-06-11,dividenddata
2024-09-12,PSH,0.1456,USD,2024-08-14,2024-01-12,dividenddata
2024-09-13,BGUK,0.056,GBP,2024-08-15,2024-06-14,dividenddata
2024-09-13,LTI,51.5,GBP,2024-08-08,2024-06-12,dividenddata
2024-09-13,PSH,0.1456,USD,2024-08-15,2024-01-12,dividenddata
2024-09-15,MTE,0.009,GBP,2024-08-14,2024-06-20,dividenddata
2024-09-15,MTE,0.009,GBP,2024-08-14,2024-06-20,dividenddata
2024-09-15,MTE,0.009,GBP,2024-08-14,2024-06-20,dividenddata
2024-09-16,MTE,0.009,GBP,2024-08-15,2024-06-21,dividenddata
2024-09-16,MNKS,0.021,GBP,2024-08-07,2024-07-01,dividenddata
2024-09-16,MNKS,0.021,GBP,2024-08-07,2024-07-01,dividenddata
2024-09-18,SSE,0.4,GBP,2024-07-24,2024-05-21,dividenddata
2024-09-18,SSE,0.4,GBP,2024-07-24,2024-05-21,dividenddata
2024-09-18,SSE,0.4,GBP,2024-07-24,2024-05-21,dividenddata
2024-09-19,SSE,0.4,GBP,2024-07-25,2024-05-22,dividenddata
2024-09-19,GLEN,0.065,USD,2024-08-28,2024-02-21,dividenddata
2024-09-19,GLEN,0.065,USD,2024-08-28,2024-02-21,dividenddata
2024-09-19,HOT,0.015,GBP,2024-08-14,2024-06-19,dividenddata
2024-09-19,HOT,0.015,GBP,2024-08-14,2024-06-19,dividenddata
2024-09-19,SDY,0.018,GBP,2024-08-07,2024-06-18,dividenddata
2024-09-19,SDY,0.018,GBP,2024-08-07,2024-06-18,dividenddata
2024-09-19,GLEN,0.065,USD,2024-08-28,2024-02-21,dividenddata
2024-09-19,HOT,0.015,GBP,2024-08-14,2024-06-19,dividenddata
2024-09-19,SDY,0.018,GBP,2024-08-07,2024-06-18,dividenddata
2024-09-20,GLEN,0.065,USD,2024-08-29,2024-02-21,dividenddata
2024-09-20,HOT,0.015,GBP,2024-08-15,2024-06-20,dividenddata
2024-09-20,SDY,0.018,GBP,2024-08-08,2024-06-19,dividenddata
2024-09-22,XPS,0.07,GBP,2024-08-21,2024-06-19,dividenddata
2024-09-22,XPS,0.07,GBP,2024-08-21,2024-06-19,dividenddata
2024-09-22,XPS,0.07,GBP,2024-08-21,2024-06-19,dividenddata
2024-09-23,XPS,0.07,GBP,2024-08-22,2024-06-20,dividenddata
2024-09-23,SUP,0.032,GBP,2024-08-21,2024-07-01,dividenddata
2024-09-23,SUP,0.032,GBP,2024-08-21,2024-07-01,dividenddata
2024-09-23,SUP,0.032,GBP,2024-08-21,2024-07-01,dividenddata
2024-09-24,SUP,0.032,GBP,2024-08-22,2024-07-02,dividenddata
2024-09-26,AUTO,0.064,GBP,2024-08-28,2024-05-29,dividenddata
2024-09-26,AUTO,0.064,GBP,2024-08-28,2024-05-29,dividenddata
2024-09-26,DEC,0.29,USD,2024-08-28,2024-05-08,dividenddata
2024-09-26,DEC,0.29,USD,2024-08-28,2024-05-08,dividenddata
2024-09-26,DSW,0.0075,GBP,2024-09-11,2024-07-01,dividenddata
2024-09-26,DSW,0.0075,GBP,2024-09-11,2024-07-01,dividenddata
2024-09-26,KGH,0.0279,GBP,2024-08-28,2024-07-07,dividenddata
2024-09-26,KGH,0.0279,GBP,2024-08-28,2024-07-07,dividenddata
2024-09-26,PAY,0.096,GBP,2024-08-28,2024-06-12,dividenddata
2024-09-26,PAY,0.096,GBP,2024-08-28,2024-06-12,dividenddata
2024-09-26,SOLI,0.145,GBP,2024-09-04,2024-07-07,dividenddata
2024-09-26,SOLI,0.145,GBP,2024-09-04,2024-07-07,dividenddata
2024-09-26,ZIG,0.175,GBP,2024-08-28,2024-07-09,dividenddata
2024-09-26,ZIG,0.175,GBP,2024-08-28,2024-07-09,dividenddata
2024-09-26,AUTO,0.064,GBP,2024-08-28,2024-05-29,dividenddata
2024-09-26,DEC,0.29,USD,2024-08-28,2024-05-08,dividenddata
2024-09-26,DSW,0.0075,GBP,2024-09-11,2024-07-01,dividenddata
2024-09-26,KGH,0.0279,GBP,2024-08-28,2024-07-07,dividenddata
2024-09-26,PAY,0.096,GBP,2024-08-28,2024-06-12,dividenddata
2024-09-26,SOLI,0.145,GBP,2024-09-04,2024-07-07,dividenddata
2024-09-26,ZIG,0.175,GBP,2024-08-28,2024-07-09,dividenddata
2024-09-27,AUTO,0.064,GBP,2024-08-29,2024-05-30,dividenddata
2024-09-27,DEC,0.29,USD,2024-08-29,2024-05-09,dividenddata
2024-09-27,DSW,0.0075,GBP,2024-09-12,2024-07-02,dividenddata
2024-09-27,KGH,0.0279,GBP,2024-08-29,2024-07-08,dividenddata
2024-09-27,PAY,0.096,GBP,2024-08-29,2024-06-13,dividenddata
2024-09-27,SOLI,0.145,GBP,2024-09-05,2024-07-08,dividenddata
2024-09-29,IDS,0.02,GBP,2024-08-21,2024-05-23,dividenddata
2024-09-29,IDS,0.02,GBP,2024-08-21,2024-05-23,dividenddata
2024-09-29,IMB,0.2245,GBP,2024-08-21,2024-05-14,dividenddata
2024-09-29,IMB,0.2245,GBP,2024-08-21,2024-05-14,dividenddata
2024-09-29,IDS,0.02,GBP,2024-08-21,2024-05-23,dividenddata
2024-09-29,IMB,0.2245,GBP,2024-08-21,2024-05-14,dividenddata
2024-09-30,IDS,0.02,GBP,2024-08-22,2024-05-24,dividenddata
2024-09-30,IMB,0.2245,GBP,2024-08-22,2024-05-15,dividenddata
2024-09-30,DOCS,0.0099,GBP,2024-08-28,2024-05-29,dividenddata
2024-09-30,DOCS,0.0099,GBP,2024-08-28,2024-05-29,dividenddata
2024-09-30,TTE,0.79,EUR,2024-09-24,2024-04-25,dividenddata
2024-09-30,TTE,0.79,EUR,2024-09-24,2024-04-25,dividenddata
2024-09-30,DOCS,0.0099,GBP,2024-08-28,2024-05-29,dividenddata
2024-09-30,TTE,0.79,EUR,2024-09-24,2024-04-25,dividenddata
2024-10-01,DOCS,0.0099,GBP,2024-08-29,2024-05-30,dividenddata
2024-10-01,TTE,0.79,EUR,2024-09-25,2024-04-26,dividenddata
2024-10-03,FSG,0.155,GBP,2024-09-18,2024-06-26,dividenddata
2024-10-03,FSG,0.155,GBP,2024-09-18,2024-06-26,dividenddata
2024-10-03,LAND,0.092,GBP,2024-08-21,2024-07-11,dividenddata
2024-10-03,LAND,0.092,GBP,2024-08-21,2024-07-11,dividenddata
2024-10-03,SMDS,0.12,GBP,2024-09-04,2024-06-19,dividenddata
2024-10-03,SMDS,0.12,GBP,2024-09-04,2024-06-19,dividenddata
2024-10-03,FSG,0.155,GBP,2024-09-18,2024-06-26,dividenddata
2024-10-03,LAND,0.092,GBP,2024-08-21,2024-07-11,dividenddata
2024-10-03,SMDS,0.12,GBP,2024-09-04,2024-06-19,dividenddata
2024-10-04,FSG,0.155,GBP,2024-09-19,2024-06-27,dividenddata
2024-10-04,SMDS,0.12,GBP,2024-09-05,2024-06-20,dividenddata
2024-10-06,JGGI,0.057,GBP,2024-08-28,2024-07-01,dividenddata
2024-10-06,JGGI,0.057,GBP,2024-08-28,2024-07-01,dividenddata
2024-10-06,RFX,0.036,GBP,2024-09-04,2024-06-04,dividenddata
2024-10-06,RFX,0.036,GBP,2024-09-04,2024-06-04,dividenddata
2024-10-06,JGGI,0.057,GBP,2024-08-28,2024-07-01,dividenddata
2024-10-06,RFX,0.036,GBP,2024-09-04,2024-06-04,dividenddata
2024-10-07,JGGI,0.057,GBP,2024-08-29,2024-07-02,dividenddata
2024-10-07,RFX,0.036,GBP,2024-09-05,2024-06-05,dividenddata
2024-10-10,CRST,0.01,GBP,2024-09-18,2024-06-12,dividenddata
2024-10-10,CRST,0.01,GBP,2024-09-18,2024-06-12,dividenddata
2024-10-10,SFR,0.023,GBP,2024-09-04,2024-06-18,dividenddata
2024-10-10,SFR,0.023,GBP,2024-09-04,2024-06-18,dividenddata
2024-10-10,CRST,0.01,GBP,2024-09-18,2024-06-12,dividenddata
2024-10-10,SFR,0.023,GBP,2024-09-04,2024-06-18,dividenddata
2024-10-11,CRST,0.01,GBP,2024-09-19,2024-06-13,dividenddata
2024-10-11,SFR,0.023,GBP,2024-09-05,2024-06-19,dividenddata
2024-10-14,CAV,0.0025,GBP,2024-09-18,2024-07-14,dividenddata
2024-10-17,BCG,0.021,EUR,2024-09-11,2024-07-02,dividenddata
2024-10-17,BCG,0.021,EUR,2024-09-11,2024-07-02,dividenddata
2024-10-17,ECK,0.0082,GBP,2024-09-18,2024-06-10,dividenddata
2024-10-17,ECK,0.0082,GBP,2024-09-18,2024-06-10,dividenddata
2024-10-17,FEN,0.01375,GBP,2024-10-02,2024-05-07,dividenddata
2024-10-17,FEN,0.01375,GBP,2024-10-02,2024-05-07,dividenddata
2024-10-17,SYS1,0.05,GBP,2024-09-25,2024-07-02,dividenddata
2024-10-17,SYS1,0.05,GBP,2024-09-25,2024-07-02,dividenddata
2024-10-17,BCG,0.021,EUR,2024-09-11,2024-07-02,dividenddata
2024-10-17,ECK,0.0082,GBP,2024-09-18,2024-06-10,dividenddata
2024-10-17,FEN,0.01375,GBP,2024-10-02,2024-05-07,dividenddata
2024-10-17,SYS1,0.05,GBP,2024-09-25,2024-07-02,dividenddata
2024-10-18,BCG,0.021,EUR,2024-09-12,2024-07-03,dividenddata
2024-10-18,ECK,0.0082,GBP,2024-09-19,2024-06-11,dividenddata
2024-10-18,FEN,0.01375,GBP,2024-10-03,2024-05-08,dividenddata
2024-10-18,SYS1,0.05,GBP,2024-09-26,2024-07-03,dividenddata
2024-10-22,JET2,0.107,GBP,2024-09-18,2024-07-10,dividenddata
2024-10-22,JET2,0.107,GBP,2024-09-18,2024-07-10,dividenddata
2024-10-22,JET2,0.107,GBP,2024-09-18,2024-07-10,dividenddata
2024-10-24,ATS,0.0426,GBP,2024-09-18,2024-07-01,dividenddata
2024-10-24,ATS,0.0426,GBP,2024-09-18,2024-07-01,dividenddata
2024-10-24,DIAL,0.0075,GBP,2024-09-18,2024-06-11,dividenddata
2024-10-24,DIAL,0.0075,GBP,2024-09-18,2024-06-11,dividenddata
2024-10-24,HHI,0.02675,GBP,2024-09-11,2024-07-03,dividenddata
2024-10-24,HHI,0.02675,GBP,2024-09-11,2024-07-03,dividenddata
2024-10-24,KNOS,0.191,GBP,2024-10-02,2024-05-19,dividenddata
2024-10-24,KNOS,0.191,GBP,2024-10-02,2024-05-19,dividenddata
2024-10-24,MINI,0.0009,GBP,2024-09-25,2024-07-11,dividenddata
2024-10-24,MINI,0.0009,GBP,2024-09-25,2024-07-11,dividenddata
2024-10-24,ATS,0.0426,GBP,2024-09-18,2024-07-01,dividenddata
2024-10-24,DIAL,0.0075,GBP,2024-09-18,2024-06-11,dividenddata
2024-10-24,HHI,0.02675,GBP,2024-09-11,2024-07-03,dividenddata
2024-10-24,KNOS,0.191,GBP,2024-10-02,2024-05-19,dividenddata
2024-10-24,MINI,0.0009,GBP,2024-09-25,2024-07-11,dividenddata
2024-10-25,ATS,0.0426,GBP,2024-09-19,2024-07-02,dividenddata
2024-10-25,DIAL,0.0075,GBP,2024-09-19,2024-06-12,dividenddata
2024-10-25,DRV,0.0075,GBP,2024-09-19,2024-06-12,dividenddata
2024-10-25,HHI,0.02675,GBP,2024-09-12,2024-07-04,dividenddata
2024-10-25,KNOS,0.191,GBP,2024-10-03,2024-05-20,dividenddata
2024-10-31,WYN,0.056,GBP,2024-09-26,2024-06-25,dividenddata
2024-10-31,WYN,0.056,GBP,2024-09-25,2024-06-24,dividenddata
2024-10-31,WYN,0.056,GBP,2024-09-25,2024-06-24,dividenddata
2024-10-31,WYN,0.056,GBP,2024-09-25,2024-06-24,dividenddata
2024-11-01,BATS,0.588795,GBP,2024-09-26,2024-02-08,dividenddata
2024-11-01,BATS,0.588795,GBP,2024-09-25,2024-02-08,dividenddata
2024-11-01,BATS,0.588795,GBP,2024-09-25,2024-02-08,dividenddata
2024-11-01,BATS,0.588795,GBP,2024-09-25,2024-02-08,dividenddata
2024-11-01,MERC,0.0055,GBP,2024-10-03,2024-07-02,dividenddata
2024-11-01,MERC,0.0055,GBP,2024-10-02,2024-07-01,dividenddata
2024-11-01,MERC,0.0055,GBP,2024-10-02,2024-07-01,dividenddata
2024-11-01,MERC,0.0055,GBP,2024-10-02,2024-07-01,dividenddata
2024-11-06,BEG,0.027,GBP,2024-10-09,2024-07-08,dividenddata
2024-11-06,BEG,0.027,GBP,2024-10-09,2024-07-08,dividenddata
2024-11-06,BEG,0.027,GBP,2024-10-09,2024-07-08,dividenddata
2024-11-29,MEGP,0.0345,GBP,2024-11-07,2024-07-14,dividenddata
2024-12-13,BFSP,0.026,GBP,2024-11-21,2024-06-06,dividenddata
2024-12-13,BFSP,0.026,GBP,2024-11-21,2024-06-05,dividenddata
2024-12-13,BFSP,0.026,GBP,2024-11-21,2024-06-05,dividenddata
2024-12-13,BFSP,0.026,GBP,2024-11-21,2024-06-05,dividenddata
2024-12-13,PSH,0.1456,USD,2024-11-14,2024-01-12,dividenddata
2024-12-13,PSH,0.1456,USD,2024-11-14,2024-01-12,dividenddata
2024-12-13,PSH,0.1456,USD,2024-11-14,2024-01-12,dividenddata
2024-12-13,PSH,0.1456,USD,2024-11-14,2024-01-12,dividenddata
